{
  "intents": [
    {
      "dialogId": "new_topic_83c62ef2f2f34f2d85713cc2e336ac2a",
      "isTriggeringEnabled": true,
      "id": "new_topic_83c62ef2f2f34f2d85713cc2e336ac2a",
      "displayName": "Saúde | Plano de Saúde",
      "createdTime": "2022-09-28T18:04:09.8696012Z",
      "updatedTime": "2022-09-29T15:29:37.0158397Z",
      "createdUserId": "5a881907-c90f-474b-af45-e939cccca765",
      "updatedUserId": "5a881907-c90f-474b-af45-e939cccca765"
    }
  ],
  "dialogs": [
    {
      "rootNodeId": "202a9102-f564-49e3-840e-6366a2d96c86",
      "messageNodes": [
        {
          "botMessageId": "576910f0-74d6-46b3-890e-1a7f2da64ae4",
          "nodeType": "BotMessageNode",
          "id": "202a9102-f564-49e3-840e-6366a2d96c86"
        }
      ],
      "id": "new_topic_83c62ef2f2f34f2d85713cc2e336ac2a",
      "displayName": "Sem título",
      "createdTime": "2022-09-28T18:04:09.8696012Z",
      "updatedTime": "2022-09-29T15:29:37.0158397Z",
      "createdUserId": "5a881907-c90f-474b-af45-e939cccca765",
      "updatedUserId": "5a881907-c90f-474b-af45-e939cccca765"
    }
  ],
  "botMessages": [
    {
      "channelContent": {
        "web": {
          "contentFormat": "Markdown",
          "content": "Informações sobre Plano de Saúde devem ser validadas no portal."
        }
      },
      "id": "576910f0-74d6-46b3-890e-1a7f2da64ae4",
      "createdTime": "2022-09-28T18:03:35.326Z",
      "updatedTime": "2022-09-28T18:03:35.326Z"
    }
  ]
}