{
  "contextVariables": [
    {
      "systemType": "String",
      "initializerType": "Expression",
      "scope": "Session",
      "greedySlotFillingEnabled": false,
      "isInput": false,
      "externalInitializationAllowed": false,
      "expression": "@parameters('cf29c373-2b27-4d9b-ab9c-7923316b55ea')['guidconta']",
      "isGlobal": true,
      "id": "new_variable_fca889f357714c909c23437c8f09ce61_754b096828da42d6becc9acbb26514e9",
      "displayName": "GuidContaCriada",
      "createdTime": "2022-09-27T15:13:22.8907573Z",
      "updatedTime": "2022-09-27T15:13:22.8907573Z",
      "createdUserId": "5a881907-c90f-474b-af45-e939cccca765",
      "updatedUserId": "5a881907-c90f-474b-af45-e939cccca765"
    }
  ]
}