{
  "intents": [
    {
      "dialogId": "new_topic_09918fe529c74259baefade303edb485",
      "isTriggeringEnabled": true,
      "id": "new_topic_09918fe529c74259baefade303edb485",
      "displayName": "Educação",
      "createdTime": "2022-09-29T15:25:05.7631737Z",
      "updatedTime": "2022-09-29T15:25:05.7631737Z",
      "createdUserId": "5a881907-c90f-474b-af45-e939cccca765",
      "updatedUserId": "5a881907-c90f-474b-af45-e939cccca765"
    }
  ],
  "dialogs": [
    {
      "rootNodeId": "c058c9e4-3d1e-4c88-bd9c-a3151dbab979",
      "messageNodes": [
        {
          "botMessageId": "1f0b627e-e5dc-4609-ab9c-30423b0d1161",
          "nodeType": "BotMessageNode",
          "id": "c058c9e4-3d1e-4c88-bd9c-a3151dbab979"
        }
      ],
      "id": "new_topic_09918fe529c74259baefade303edb485",
      "displayName": "Sem título",
      "createdTime": "2022-09-29T15:25:05.7631737Z",
      "updatedTime": "2022-09-29T15:25:05.7631737Z",
      "createdUserId": "5a881907-c90f-474b-af45-e939cccca765",
      "updatedUserId": "5a881907-c90f-474b-af45-e939cccca765"
    }
  ],
  "botMessages": [
    {
      "channelContent": {
        "web": {
          "contentFormat": "Markdown",
          "content": "Educação é uma prática social que visa ao desenvolvimento do ser humano, de suas potencialidades, habilidades e competências. A educação, portanto, não se restringe à escola. A educação é um direito de todos e visa ao pleno desenvolvimento humano por meio do processo de ensino-aprendizagem."
        }
      },
      "id": "1f0b627e-e5dc-4609-ab9c-30423b0d1161",
      "createdTime": "2022-09-29T15:24:39.087Z",
      "updatedTime": "2022-09-29T15:24:39.087Z"
    }
  ]
}