{
  "intents": [
    {
      "dialogId": "new_topic_5966ef6346134755b2ec100189077e8e",
      "isTriggeringEnabled": true,
      "id": "new_topic_5966ef6346134755b2ec100189077e8e",
      "displayName": "Saúde | Convênio | Gera Boleto",
      "createdTime": "2022-09-29T14:58:53.1224172Z",
      "updatedTime": "2022-09-30T14:37:06.847644Z",
      "createdUserId": "5a881907-c90f-474b-af45-e939cccca765",
      "updatedUserId": "5a881907-c90f-474b-af45-e939cccca765"
    }
  ],
  "dialogs": [
    {
      "rootNodeId": "f034dec0-eb29-4dfe-b253-a66e6280e0ca",
      "messageNodes": [
        {
          "botMessageId": "bb45c0f8-a175-458e-8b3a-6c00a8afc311",
          "nodeType": "BotMessageNode",
          "id": "f034dec0-eb29-4dfe-b253-a66e6280e0ca",
          "defaultTargetNodeId": "143c61ea-c3ce-4946-8428-3e26bf396f20"
        },
        {
          "botMessageId": "85630e59-ca1b-4d2f-8b0f-b3e75025f098",
          "nodeType": "BotMessageNode",
          "id": "30e0f4c5-dfad-4958-9458-01c8134c970a"
        }
      ],
      "actionNodes": [
        {
          "contextVariableId": "d0c46fd6-5d95-4b08-9b6e-b77ba784f02e",
          "nodeType": "ActionNode",
          "inputParameterVariableIdMap": {
            "text_2": "{msdyn_variable_182e127b57bc448a8171c7a2b69857d5_de479ff3f7e94527ba5731f4292c9fd5}"
          },
          "outputExpressionVariableIds": [
            "d8eff24c-c855-4f02-a196-d70cda5ef6a0"
          ],
          "id": "143c61ea-c3ce-4946-8428-3e26bf396f20",
          "defaultTargetNodeId": "30e0f4c5-dfad-4958-9458-01c8134c970a"
        }
      ],
      "id": "new_topic_5966ef6346134755b2ec100189077e8e",
      "displayName": "Sem título",
      "createdTime": "2022-09-29T14:52:32.0950195Z",
      "updatedTime": "2022-09-30T14:37:06.847644Z",
      "createdUserId": "5a881907-c90f-474b-af45-e939cccca765",
      "updatedUserId": "5a881907-c90f-474b-af45-e939cccca765"
    }
  ],
  "botMessages": [
    {
      "channelContent": {
        "web": {
          "contentFormat": "Markdown",
          "content": "Por favor, aguarde um momento.."
        }
      },
      "id": "bb45c0f8-a175-458e-8b3a-6c00a8afc311",
      "createdTime": "2022-09-29T14:59:29.773Z",
      "updatedTime": "2022-09-29T14:59:29.773Z",
      "createdUserId": "user-0",
      "updatedUserId": "user-0"
    },
    {
      "channelContent": {
        "web": {
          "contentFormat": "Markdown",
          "content": "{d8eff24c-c855-4f02-a196-d70cda5ef6a0}"
        }
      },
      "id": "85630e59-ca1b-4d2f-8b0f-b3e75025f098",
      "createdTime": "2022-09-29T15:00:46.611Z",
      "updatedTime": "2022-09-29T15:00:46.611Z",
      "createdUserId": "user-0",
      "updatedUserId": "user-0"
    }
  ],
  "actionDefinitions": [
    {
      "timeoutInSeconds": 60,
      "retryCount": 1,
      "method": 2,
      "headers": {
        "accept": "application/json"
      },
      "bodyContent": "{\"text_2\":\"{msdyn_variable_182e127b57bc448a8171c7a2b69857d5_de479ff3f7e94527ba5731f4292c9fd5}\"}",
      "actionType": "Flow",
      "flowMetadata": {
        "id": "9424a735-eb3f-ed11-bba3-000d3a88f400",
        "title": "INNOVATION-BestProjects | BOT | Gerar Boleto",
        "description": "Chame este fluxo do Power Virtual Agents.",
        "httpMethod": 2,
        "inputParameters": [
          {
            "name": "idContato",
            "id": "text_2",
            "type": "String",
            "optional": false
          }
        ],
        "outputParameters": [
          {
            "name": "respostaUsuario",
            "id": "respostausuario",
            "type": "String",
            "optional": true
          }
        ],
        "outputSchemaType": "Json",
        "createdTime": "2022-09-29T11:38:19Z",
        "isEnabled": true,
        "lastModifiedTime": "2022-09-29T13:40:53Z",
        "versionNumber": 114752911
      },
      "id": "46be0839-9a9a-4da0-b27e-453b0161e0c3",
      "displayName": "INNOVATION-BestProjects | BOT | Gerar Boleto",
      "description": "Chame este fluxo do Power Virtual Agents.",
      "createdTime": "2022-09-29T14:59:41.796Z",
      "updatedTime": "2022-09-29T14:59:41.796Z"
    }
  ],
  "contextVariables": [
    {
      "customTypeId": "c65f48df-68aa-4a16-bc7d-16453165cb4b",
      "initializerType": "Action",
      "scope": "Dialog",
      "greedySlotFillingEnabled": false,
      "isInput": false,
      "externalInitializationAllowed": false,
      "actionId": "46be0839-9a9a-4da0-b27e-453b0161e0c3",
      "isGlobal": false,
      "id": "d0c46fd6-5d95-4b08-9b6e-b77ba784f02e",
      "displayName": "",
      "createdTime": "2022-09-29T14:59:41.797Z",
      "updatedTime": "2022-09-30T14:37:06.847644Z",
      "createdUserId": "user-0",
      "updatedUserId": "5a881907-c90f-474b-af45-e939cccca765"
    },
    {
      "systemType": "String",
      "initializerType": "Expression",
      "scope": "Dialog",
      "greedySlotFillingEnabled": false,
      "isInput": false,
      "externalInitializationAllowed": false,
      "expression": "@parameters('d0c46fd6-5d95-4b08-9b6e-b77ba784f02e')['respostausuario']",
      "isGlobal": false,
      "id": "d8eff24c-c855-4f02-a196-d70cda5ef6a0",
      "displayName": "respostaUsuario",
      "createdTime": "2022-09-29T14:59:41.797Z",
      "updatedTime": "2022-09-30T14:37:06.847644Z",
      "createdUserId": "user-0",
      "updatedUserId": "5a881907-c90f-474b-af45-e939cccca765"
    }
  ],
  "jsonTypes": [
    {
      "customTypeSchema": "Json",
      "id": "c65f48df-68aa-4a16-bc7d-16453165cb4b",
      "displayName": "Response Json Type for Flow - INNOVATION | BOT | Gerar Boleto",
      "createdTime": "2022-09-29T14:59:41.797Z",
      "updatedTime": "2022-09-29T14:59:41.797Z"
    }
  ]
}