<botcomponent schemaname="new_topic_fca889f357714c909c23437c8f09ce61_dbafebd526364487911b63a2a774389f">
  <componenttype>0</componenttype>
  <description>Lição 3 - Esta lição mostrará como criar um tópico simples com uma ramificação condicional, uma variável e uma entidade.

Quando você usa entidades em um tópico, o bot pode identificar informações importantes no que o usuário digita e preencher essas informações de modo proativo nas variáveis. Por exemplo, se o cliente diz "Quero comprar um carro vermelho", você não precisa perguntar a cor do carro porque o bot reconhece a entidade Cor no que foi digitado. O bot então pulará a pergunta sobre a cor. 

Você também pode usar entidades para reconhecer uma lista de opções específica. Nesta lição, identificamos a cidade como a entidade, e o bot reconhecerá qualquer cidade que o usuário digitar.</description>
  <iscustomizable>1</iscustomizable>
  <name>Lição 3 - Um tópico com condições, variáveis e uma entidade predefinida</name>
  <statecode>0</statecode>
  <statuscode>1</statuscode>
</botcomponent>