{
  "contextVariables": [
    {
      "systemType": "String",
      "initializerType": "Expression",
      "scope": "Session",
      "greedySlotFillingEnabled": false,
      "isInput": false,
      "externalInitializationAllowed": false,
      "expression": "@parameters('c0078b71-670a-42f6-810b-5ff3d2ad25c0')['bot.msdyn_customerid']",
      "isGlobal": true,
      "id": "new_variable_fca889f357714c909c23437c8f09ce61_982742a8fa5646a5908797067b85cf7e",
      "displayName": "GuidContatoCriado",
      "createdTime": "2022-09-27T15:13:22.8907573Z",
      "updatedTime": "2022-09-27T15:13:22.8907573Z",
      "createdUserId": "5a881907-c90f-474b-af45-e939cccca765",
      "updatedUserId": "5a881907-c90f-474b-af45-e939cccca765"
    }
  ]
}