{
  "contextVariables": [
    {
      "systemType": "String",
      "initializerType": "Expression",
      "scope": "Session",
      "greedySlotFillingEnabled": false,
      "isInput": false,
      "externalInitializationAllowed": false,
      "expression": "@parameters('ceb436f0-3fd4-4b16-b10f-cbafc9d7ff0c')['cpf']",
      "isGlobal": true,
      "id": "new_variable_fca889f357714c909c23437c8f09ce61_c56affb8d2644678a61c6c4f45c3b9eb",
      "displayName": "CPF",
      "createdTime": "2022-09-30T15:22:58.453475Z",
      "updatedTime": "2022-09-30T15:22:58.453475Z",
      "createdUserId": "5a881907-c90f-474b-af45-e939cccca765",
      "updatedUserId": "5a881907-c90f-474b-af45-e939cccca765"
    }
  ]
}