{
  "intents": [
    {
      "dialogId": "new_topic_a0887b67d7334ab6a01102d7ec8458e7",
      "isTriggeringEnabled": true,
      "id": "new_topic_a0887b67d7334ab6a01102d7ec8458e7",
      "displayName": "Empreendedorismo",
      "createdTime": "2022-09-29T15:22:11.0120969Z",
      "updatedTime": "2022-09-29T15:25:33.6449724Z",
      "createdUserId": "5a881907-c90f-474b-af45-e939cccca765",
      "updatedUserId": "5a881907-c90f-474b-af45-e939cccca765"
    }
  ],
  "dialogs": [
    {
      "rootNodeId": "6fa514f2-c162-4dc4-b0b5-87b832b3fb38",
      "messageNodes": [
        {
          "botMessageId": "749d3923-960b-4e2d-b9eb-4d9beed79639",
          "nodeType": "BotMessageNode",
          "id": "6fa514f2-c162-4dc4-b0b5-87b832b3fb38"
        }
      ],
      "id": "new_topic_a0887b67d7334ab6a01102d7ec8458e7",
      "displayName": "Sem título",
      "createdTime": "2022-09-29T15:22:11.0120969Z",
      "updatedTime": "2022-09-29T15:25:33.6449724Z",
      "createdUserId": "5a881907-c90f-474b-af45-e939cccca765",
      "updatedUserId": "5a881907-c90f-474b-af45-e939cccca765"
    }
  ],
  "botMessages": [
    {
      "channelContent": {
        "web": {
          "contentFormat": "Markdown",
          "content": "Empreendedorismo é a capacidade que uma pessoa tem de identificar problemas e oportunidades, desenvolver soluções e investir recursos na criação de algo positivo para a sociedade. Pode ser um negócio, um projeto ou mesmo um movimento que gere mudanças reais e impacto no cotidiano das pessoas."
        }
      },
      "id": "749d3923-960b-4e2d-b9eb-4d9beed79639",
      "createdTime": "2022-09-29T15:22:00.228Z",
      "updatedTime": "2022-09-29T15:22:00.228Z"
    }
  ]
}