{
  "namedEntities": [
    {
      "synonyms": [
        "home"
      ],
      "id": "ff0ca6dd-de7a-4bee-b849-16210d63f3c5",
      "displayName": "Usuário Doméstico",
      "updatedTime": "2022-09-15T19:25:49.4632313Z",
      "updatedUserId": "ad78e458-61e0-4f83-812f-c52d46022b3c"
    },
    {
      "synonyms": [
        "gaming"
      ],
      "id": "2ccf421b-89a6-43a8-8b4f-b8d8f63b58bf",
      "displayName": "Jogador",
      "updatedTime": "2022-09-15T19:25:49.4632313Z",
      "updatedUserId": "ad78e458-61e0-4f83-812f-c52d46022b3c"
    },
    {
      "synonyms": [
        "business"
      ],
      "id": "2d32734c-9552-47c5-963b-563fe1d9ea7e",
      "displayName": "Usuário Empresarial",
      "updatedTime": "2022-09-15T19:25:49.4632313Z",
      "updatedUserId": "ad78e458-61e0-4f83-812f-c52d46022b3c"
    }
  ],
  "closedListTypes": [
    {
      "namedEntities": [
        "ff0ca6dd-de7a-4bee-b849-16210d63f3c5",
        "2ccf421b-89a6-43a8-8b4f-b8d8f63b58bf",
        "2d32734c-9552-47c5-963b-563fe1d9ea7e"
      ],
      "smartMatchingEnabled": true,
      "customTypeSchema": "ClosedList",
      "id": "new_customtype_fca889f357714c909c23437c8f09ce61_f86fcadfd497444e91ed11c12b059d10",
      "displayName": "Tipo de Uso",
      "description": "Entidade Tipo de Uso da Lição 4",
      "createdTime": "2019-10-25T14:03:43.9601778Z",
      "updatedTime": "2022-09-15T19:25:49.4632313Z",
      "createdUserId": "user0",
      "updatedUserId": "ad78e458-61e0-4f83-812f-c52d46022b3c"
    }
  ]
}