{
  "properties": {
    "connectionReferences": {
      "shared_commondataserviceforapps": {
        "runtimeSource": "embedded",
        "connection": {
          "connectionReferenceLogicalName": "bps_sharedcommondataserviceforapps_e5aa1"
        },
        "api": {
          "name": "shared_commondataserviceforapps"
        }
      }
    },
    "definition": {
      "$schema": "https://schema.management.azure.com/providers/Microsoft.Logic/schemas/2016-06-01/workflowdefinition.json#",
      "contentVersion": "1.0.0.0",
      "parameters": {
        "$connections": {
          "defaultValue": {},
          "type": "Object"
        },
        "$authentication": {
          "defaultValue": {},
          "type": "SecureObject"
        }
      },
      "triggers": {
        "manual": {
          "metadata": {
            "operationMetadataId": "effe6a74-f691-4fb3-8149-4d501db6a554"
          },
          "type": "Request",
          "kind": "VirtualAgent",
          "inputs": {
            "schema": {
              "type": "object",
              "properties": {
                "text": {
                  "title": "GuidContato",
                  "type": "string",
                  "x-ms-dynamically-added": true,
                  "description": "Insira sua entrada",
                  "x-ms-content-hint": "TEXT"
                }
              },
              "required": [
                "text"
              ]
            }
          }
        }
      },
      "actions": {
        "Return_value(s)_to_Power_Virtual_Agents": {
          "runAfter": {
            "Condição": [
              "Succeeded"
            ]
          },
          "metadata": {
            "operationMetadataId": "2e743aa0-5d3b-4d7c-aebd-1ded06e78fc2"
          },
          "type": "Response",
          "kind": "VirtualAgent",
          "inputs": {
            "statusCode": 200,
            "body": {
              "impostos": "@variables('Impostos')"
            },
            "schema": {
              "type": "object",
              "properties": {
                "impostos": {
                  "title": "Impostos",
                  "x-ms-dynamically-added": true,
                  "type": "string"
                }
              }
            }
          }
        },
        "Listar_linhas": {
          "runAfter": {
            "Initialize_variable": [
              "Succeeded"
            ]
          },
          "metadata": {
            "operationMetadataId": "04526327-48a2-4468-92d4-aa32e65a1d21"
          },
          "type": "OpenApiConnection",
          "inputs": {
            "host": {
              "connectionName": "shared_commondataserviceforapps",
              "operationId": "ListRecords",
              "apiId": "/providers/Microsoft.PowerApps/apis/shared_commondataserviceforapps"
            },
            "parameters": {
              "entityName": "bps_impostodocontribuintes",
              "fetchXml": "<fetch version=\"1.0\" output-format=\"xml-platform\" mapping=\"logical\" distinct=\"false\">\n<entity name=\"bps_impostodocontribuinte\">\n<attribute name=\"bps_impostodocontribuinteid\"/>\n<attribute name=\"bps_st_nome\"/>\n<attribute name=\"bps_mn_valor\"/>\n<attribute name=\"createdon\"/>\n<attribute name=\"bps_lk_cliente\"/>\n<order attribute=\"bps_st_nome\" descending=\"false\"/>\n<filter type=\"and\">\n<condition attribute=\"bps_lk_cliente\" operator=\"eq\"  value=\"{@{triggerBody()['text']}}\"/>\n</filter>\n</entity>\n</fetch>"
            },
            "authentication": "@parameters('$authentication')"
          }
        },
        "Condição": {
          "actions": {
            "Set_variable": {
              "runAfter": {},
              "metadata": {
                "operationMetadataId": "33048506-3465-4521-9d00-93125416c24e"
              },
              "type": "SetVariable",
              "inputs": {
                "name": "Impostos",
                "value": "Não há impostos em atraso a serem exibidos"
              }
            }
          },
          "runAfter": {
            "Listar_linhas": [
              "Succeeded"
            ]
          },
          "else": {
            "actions": {
              "Apply_to_each": {
                "foreach": "@outputs('Listar_linhas')?['body/value']",
                "actions": {
                  "Format_number": {
                    "runAfter": {},
                    "metadata": {
                      "operationMetadataId": "fa036aa3-1a96-4827-bf69-fb284c4d478c"
                    },
                    "type": "Expression",
                    "kind": "FormatNumber",
                    "inputs": {
                      "number": "@items('Apply_to_each')?['bps_mn_valor']",
                      "format": "C2",
                      "locale": "pt-BR"
                    }
                  },
                  "Append_to_string_variable": {
                    "runAfter": {
                      "Format_number": [
                        "Succeeded"
                      ]
                    },
                    "metadata": {
                      "operationMetadataId": "da897eb1-fb8e-4a51-b577-fcaf602e1f50"
                    },
                    "type": "AppendToStringVariable",
                    "inputs": {
                      "name": "Impostos",
                      "value": "@{items('Apply_to_each')?['bps_st_nome']} - @{body('Format_number')} <br/>"
                    }
                  }
                },
                "runAfter": {},
                "metadata": {
                  "operationMetadataId": "854bcd84-79c7-4b19-976f-37a0c3365302"
                },
                "type": "Foreach"
              }
            }
          },
          "expression": {
            "equals": [
              "@empty(outputs('Listar_linhas')?['body/value'])",
              true
            ]
          },
          "metadata": {
            "operationMetadataId": "96ba3011-5638-4701-96b5-1583ac5db3fe"
          },
          "type": "If"
        },
        "Initialize_variable": {
          "runAfter": {},
          "metadata": {
            "operationMetadataId": "a100391c-504a-456e-a5b8-6ec98f4cb318"
          },
          "type": "InitializeVariable",
          "inputs": {
            "variables": [
              {
                "name": "Impostos",
                "type": "string"
              }
            ]
          }
        }
      },
      "outputs": {}
    }
  },
  "schemaVersion": "1.0.0.0"
}