{
  "properties": {
    "connectionReferences": {
      "shared_commondataserviceforapps": {
        "impersonation": {},
        "runtimeSource": "embedded",
        "connection": {},
        "api": {
          "name": "shared_commondataserviceforapps"
        }
      }
    },
    "definition": {
      "$schema": "https://schema.management.azure.com/providers/Microsoft.Logic/schemas/2016-06-01/workflowdefinition.json#",
      "contentVersion": "1.0.0.0",
      "parameters": {
        "$connections": {
          "defaultValue": {},
          "type": "Object"
        },
        "$authentication": {
          "defaultValue": {},
          "type": "SecureObject"
        }
      },
      "triggers": {
        "Quando_uma_linha_é_adicionada,_modificada_ou_excluída": {
          "metadata": {
            "operationMetadataId": "75b72a83-fc97-4bee-906f-e840c401e9b7"
          },
          "type": "OpenApiConnectionWebhook",
          "inputs": {
            "host": {
              "apiId": "/providers/Microsoft.PowerApps/apis/shared_commondataserviceforapps",
              "connectionName": "shared_commondataserviceforapps",
              "operationId": "SubscribeWebhookTrigger"
            },
            "parameters": {
              "subscriptionRequest/message": 1,
              "subscriptionRequest/entityname": "incident",
              "subscriptionRequest/scope": 4,
              "subscriptionRequest/filterexpression": "title eq 'Solicitação de Beneficio'"
            },
            "authentication": "@parameters('$authentication')"
          }
        }
      },
      "actions": {
        "Atualizar_uma_linha": {
          "runAfter": {},
          "metadata": {
            "operationMetadataId": "4cb45f08-0f76-4222-91c4-427a32fead66"
          },
          "type": "OpenApiConnection",
          "inputs": {
            "host": {
              "apiId": "/providers/Microsoft.PowerApps/apis/shared_commondataserviceforapps",
              "connectionName": "shared_commondataserviceforapps",
              "operationId": "UpdateRecord"
            },
            "parameters": {
              "entityName": "bps_beneficioelegivels",
              "recordId": "@triggerOutputs()?['body/_bps_lk_beneficioelegivel_value']",
              "item/statuscode": 1
            },
            "authentication": "@parameters('$authentication')"
          }
        }
      }
    }
  },
  "schemaVersion": "1.0.0.0"
}