{
  "properties": {
    "connectionReferences": {
      "shared_commondataserviceforapps": {
        "runtimeSource": "embedded",
        "connection": {
          "connectionReferenceLogicalName": "bp_sharedcommondataserviceforapps_94b6d"
        },
        "api": {
          "name": "shared_commondataserviceforapps"
        }
      }
    },
    "definition": {
      "$schema": "https://schema.management.azure.com/providers/Microsoft.Logic/schemas/2016-06-01/workflowdefinition.json#",
      "contentVersion": "1.0.0.0",
      "parameters": {
        "$connections": {
          "defaultValue": {},
          "type": "Object"
        },
        "$authentication": {
          "defaultValue": {},
          "type": "SecureObject"
        }
      },
      "triggers": {
        "manual": {
          "metadata": {
            "operationMetadataId": "5b74de6e-8229-4226-afa1-daebb4728439"
          },
          "type": "Request",
          "kind": "Http",
          "inputs": {
            "schema": {
              "type": "object",
              "properties": {
                "idContato": {
                  "type": "string"
                },
                "idAssunto": {
                  "type": "string"
                },
                "documento": {
                  "type": "string"
                },
                "extensao": {
                  "type": "string"
                },
                "tipo": {
                  "type": "string"
                },
                "tentativa": {
                  "type": "integer"
                },
                "idBeneficioElegivel": {
                  "type": "string"
                },
                "base64": {
                  "type": "string"
                }
              }
            },
            "method": "POST"
          }
        }
      },
      "actions": {
        "Inicializar_variável_ValorLidoDocumento": {
          "runAfter": {},
          "metadata": {
            "operationMetadataId": "74233348-ab0e-4351-936a-3d2bc730a9be"
          },
          "type": "InitializeVariable",
          "inputs": {
            "variables": [
              {
                "name": "ValorLidoDocumento",
                "type": "string"
              }
            ]
          }
        },
        "Opção": {
          "runAfter": {
            "Inicializar_variável_idFila": [
              "Succeeded"
            ]
          },
          "cases": {
            "Caso_CNH": {
              "case": "CNH",
              "actions": {
                "CNH": {
                  "actions": {
                    "Extrair_informações_de_documento_CNH": {
                      "runAfter": {},
                      "metadata": {
                        "operationMetadataId": "6314a951-e2ab-4c5f-b42b-3c0a39e6beb0",
                        "flowSystemMetadata": {
                          "portalOperationId": "aibuilderpredict_formsprocessing",
                          "portalOperationGroup": "aibuilder",
                          "portalOperationApiDisplayNameOverride": "AI Builder",
                          "portalOperationIconOverride": "https://psuxsouthamerica.azureedge.net/Content/Images/DesignerOperations/aiBuilderNew.png",
                          "portalOperationBrandColorOverride": "#0A76C4",
                          "portalOperationApiTierOverride": "Standard"
                        }
                      },
                      "type": "OpenApiConnection",
                      "inputs": {
                        "host": {
                          "connectionName": "shared_commondataserviceforapps",
                          "operationId": "aibuilderpredict_formsprocessing",
                          "apiId": "/providers/Microsoft.PowerApps/apis/shared_commondataserviceforapps"
                        },
                        "parameters": {
                          "recordId": "245dbf58-ca04-4176-84e5-3cf9f5da3254",
                          "item/requestv2/mimeType": "@triggerBody()?['tipo']",
                          "item/requestv2/base64Encoded": "@base64ToBinary(triggerBody()?['base64'])"
                        },
                        "authentication": "@parameters('$authentication')"
                      }
                    },
                    "Listar_linhas_Contato_CNH": {
                      "runAfter": {
                        "Extrair_informações_de_documento_CNH": [
                          "Succeeded"
                        ]
                      },
                      "metadata": {
                        "operationMetadataId": "2265cdad-2c53-41be-8f25-f71f1de1afdb"
                      },
                      "type": "OpenApiConnection",
                      "inputs": {
                        "host": {
                          "connectionName": "shared_commondataserviceforapps",
                          "operationId": "ListRecords",
                          "apiId": "/providers/Microsoft.PowerApps/apis/shared_commondataserviceforapps"
                        },
                        "parameters": {
                          "entityName": "bps_documentos",
                          "$select": "bps_st_numero,_bps_lk_cliente_value",
                          "$filter": "bps_st_numero eq '@{outputs('Extrair_informações_de_documento_CNH')?['body/responsev2/predictionOutput/labels/CNH/value']}' and _bps_lk_cliente_value eq '@{triggerBody()?['idContato']}'"
                        },
                        "authentication": "@parameters('$authentication')"
                      }
                    },
                    "Definir_variável_CNH": {
                      "runAfter": {
                        "Listar_linhas_Contato_CNH": [
                          "Succeeded"
                        ]
                      },
                      "type": "SetVariable",
                      "inputs": {
                        "name": "ValorLidoDocumento",
                        "value": "@outputs('Extrair_informações_de_documento_CNH')?['body/responsev2/predictionOutput/labels/CNH/value']"
                      }
                    },
                    "Definir_variável_idContato": {
                      "runAfter": {
                        "Definir_variável_CNH": [
                          "Succeeded"
                        ]
                      },
                      "type": "SetVariable",
                      "inputs": {
                        "name": "idContatoEncontrado",
                        "value": "@{first(body('Listar_linhas_Contato_CNH')?['value'])?['_bps_lk_cliente_value']}"
                      }
                    },
                    "Definir_variável_idDocumento": {
                      "runAfter": {
                        "Definir_variável_idContato": [
                          "Succeeded"
                        ]
                      },
                      "type": "SetVariable",
                      "inputs": {
                        "name": "IdDocumento",
                        "value": "@{first(body('Listar_linhas_Contato_CNH')?['value'])?['bps_documentoid']}"
                      }
                    }
                  },
                  "runAfter": {},
                  "type": "Scope"
                }
              }
            }
          },
          "default": {
            "actions": {
              "Definir_variável": {
                "runAfter": {},
                "type": "SetVariable",
                "inputs": {
                  "name": "ValorLidoDocumento",
                  "value": "-"
                }
              },
              "Resposta_Documento_não_Automatizado": {
                "runAfter": {
                  "Definir_variável": [
                    "Succeeded"
                  ]
                },
                "type": "Response",
                "kind": "Http",
                "inputs": {
                  "statusCode": 400,
                  "body": "Documento não automatizado para o processo de leitura"
                }
              },
              "Terminar": {
                "runAfter": {
                  "Definir_variável": [
                    "Succeeded"
                  ]
                },
                "type": "Terminate",
                "inputs": {
                  "runStatus": "Cancelled"
                }
              }
            }
          },
          "expression": "@triggerBody()?['documento']",
          "metadata": {
            "operationMetadataId": "a844a4fd-0570-4711-a8d0-bf62b400ef4c"
          },
          "type": "Switch"
        },
        "Condição_Aprovado-Reprovado": {
          "actions": {
            "Adicionar_uma_nova_linha_Ocorrência_-_Aprovado": {
              "runAfter": {},
              "metadata": {
                "operationMetadataId": "2e95488a-ffb2-46d5-9b4d-3d6ba7a6958e"
              },
              "type": "OpenApiConnection",
              "inputs": {
                "host": {
                  "connectionName": "shared_commondataserviceforapps",
                  "operationId": "CreateRecord",
                  "apiId": "/providers/Microsoft.PowerApps/apis/shared_commondataserviceforapps"
                },
                "parameters": {
                  "entityName": "incidents",
                  "item/title": "Solicitação de Beneficio - Aprovado",
                  "item/subjectid@odata.bind": "subjects(@{triggerBody()?['idAssunto']})",
                  "item/customerid_contact@odata.bind": "contacts(@{triggerBody()?['idContato']})",
                  "item/description": "Documento Aprovado",
                  "item/casetypecode": 3,
                  "item/bps_lk_beneficioelegivel@odata.bind": "bps_beneficioelegivels(@{triggerBody()?['idBeneficioElegivel']})"
                },
                "authentication": "@parameters('$authentication')"
              }
            },
            "Executar_uma_ação_associada_-_Encerrar_Ocorrencia": {
              "runAfter": {
                "Carregar_um_arquivo_ou_uma_imagem_-_na_tabela_Documento": [
                  "Succeeded"
                ]
              },
              "metadata": {
                "operationMetadataId": "34d16eec-2361-4062-a7fe-883a2c4717dd"
              },
              "type": "OpenApiConnection",
              "inputs": {
                "host": {
                  "connectionName": "shared_commondataserviceforapps",
                  "operationId": "PerformBoundAction",
                  "apiId": "/providers/Microsoft.PowerApps/apis/shared_commondataserviceforapps"
                },
                "parameters": {
                  "entityName": "incidents",
                  "actionName": "Microsoft.Dynamics.CRM.bps_ActionEncerrarOcorrencia",
                  "recordId": "@outputs('Adicionar_uma_nova_linha_Ocorrência_-_Aprovado')?['body/incidentid']"
                },
                "authentication": "@parameters('$authentication')"
              }
            },
            "Adicionar_uma_nova_linha_Observação_Aprovado": {
              "runAfter": {
                "Adicionar_uma_nova_linha_Ocorrência_-_Aprovado": [
                  "Succeeded"
                ]
              },
              "metadata": {
                "operationMetadataId": "663ac698-7bd0-4f95-801d-9a846adc728b"
              },
              "type": "OpenApiConnection",
              "inputs": {
                "host": {
                  "connectionName": "shared_commondataserviceforapps",
                  "operationId": "CreateRecord",
                  "apiId": "/providers/Microsoft.PowerApps/apis/shared_commondataserviceforapps"
                },
                "parameters": {
                  "entityName": "annotations",
                  "item/subject": "Documento Recuperado - @{triggerBody()?['documento']}  - Aprovado",
                  "item/notetext": "Leitura do Documento: @{variables('ValorLidoDocumento')}",
                  "item/isdocument": true,
                  "item/documentbody": "@triggerBody()?['base64']",
                  "item/filename": "@{triggerBody()?['documento']}.@{triggerBody()?['extensao']}",
                  "item/objectid_incident@odata.bind": "incidents(@{outputs('Adicionar_uma_nova_linha_Ocorrência_-_Aprovado')?['body/incidentid']})"
                },
                "authentication": "@parameters('$authentication')"
              }
            },
            "Resposta_200_-_Aprovado": {
              "runAfter": {
                "Executar_uma_ação_associada_-_Encerrar_Ocorrencia": [
                  "Succeeded"
                ]
              },
              "metadata": {
                "operationMetadataId": "4a21ba67-6f60-483d-9617-f6898169bc87"
              },
              "type": "Response",
              "kind": "Http",
              "inputs": {
                "statusCode": 200,
                "body": {
                  "documento": "@{variables('ValorLidoDocumento')}",
                  "validado": true,
                  "response": "Validação do benefício ok",
                  "ticketnumber": "@{outputs('Adicionar_uma_nova_linha_Ocorrência_-_Aprovado')?['body/ticketnumber']}",
                  "idticket": "@{outputs('Adicionar_uma_nova_linha_Ocorrência_-_Aprovado')?['body/incidentid']}"
                }
              }
            },
            "Carregar_um_arquivo_ou_uma_imagem_-_na_tabela_Documento": {
              "runAfter": {
                "Adicionar_uma_nova_linha_Observação_Aprovado": [
                  "Succeeded"
                ]
              },
              "metadata": {
                "operationMetadataId": "375e4f00-d1f2-4bec-a1ec-b73e2665f13e"
              },
              "type": "OpenApiConnection",
              "inputs": {
                "host": {
                  "connectionName": "shared_commondataserviceforapps",
                  "operationId": "UpdateEntityFileImageFieldContent",
                  "apiId": "/providers/Microsoft.PowerApps/apis/shared_commondataserviceforapps"
                },
                "parameters": {
                  "entityName": "bps_documentos",
                  "recordId": "@variables('IdDocumento')",
                  "fileImageFieldName": "bps_fl_arquivo",
                  "item": "@base64ToBinary(triggerBody()?['base64'])",
                  "x-ms-file-name": "@{triggerBody()?['documento']}.@{triggerBody()?['extensao']}"
                },
                "authentication": "@parameters('$authentication')"
              }
            }
          },
          "runAfter": {
            "Opção": [
              "Succeeded"
            ]
          },
          "else": {
            "actions": {
              "Condição": {
                "actions": {
                  "Adicionar_uma_nova_linha_-_Item_de_Fila": {
                    "runAfter": {
                      "Adicionar_uma_nova_linha_Ocorrencia_-_Reprovado": [
                        "Succeeded"
                      ]
                    },
                    "metadata": {
                      "operationMetadataId": "ced85fbb-67a1-451e-a9fd-6ed2dd6f4ba9"
                    },
                    "type": "OpenApiConnection",
                    "inputs": {
                      "host": {
                        "connectionName": "shared_commondataserviceforapps",
                        "operationId": "CreateRecord",
                        "apiId": "/providers/Microsoft.PowerApps/apis/shared_commondataserviceforapps"
                      },
                      "parameters": {
                        "entityName": "queueitems",
                        "item/queueid@odata.bind": "queues(@{variables('idFila')})",
                        "item/best_prioridade": 689520001,
                        "item/objectid_incident@odata.bind": "incidents(@{outputs('Adicionar_uma_nova_linha_Ocorrencia_-_Reprovado')?['body/incidentid']})"
                      },
                      "authentication": "@parameters('$authentication')"
                    }
                  },
                  "Adicionar_uma_nova_linha_Ocorrencia_-_Reprovado": {
                    "runAfter": {},
                    "metadata": {
                      "operationMetadataId": "028cfddd-63a4-48da-b89c-4eb37adcbaac"
                    },
                    "type": "OpenApiConnection",
                    "inputs": {
                      "host": {
                        "connectionName": "shared_commondataserviceforapps",
                        "operationId": "CreateRecord",
                        "apiId": "/providers/Microsoft.PowerApps/apis/shared_commondataserviceforapps"
                      },
                      "parameters": {
                        "entityName": "incidents",
                        "item/title": "Solicitação de Beneficio",
                        "item/subjectid@odata.bind": "subjects(@{triggerBody()?['idAssunto']})",
                        "item/customerid_contact@odata.bind": "contacts(@{triggerBody()?['idContato']})",
                        "item/description": "Documento :@{triggerBody()?['documento']} para análise\n",
                        "item/casetypecode": 3,
                        "item/bps_lk_beneficioelegivel@odata.bind": "bps_beneficioelegivels(@{triggerBody()?['idBeneficioElegivel']})"
                      },
                      "authentication": "@parameters('$authentication')"
                    }
                  },
                  "Adicionar_uma_nova_linha_Observação_Reprovado": {
                    "runAfter": {
                      "Adicionar_uma_nova_linha_-_Item_de_Fila": [
                        "Succeeded"
                      ]
                    },
                    "metadata": {
                      "operationMetadataId": "23736ffb-0986-408f-aadf-f40ce5d3a365"
                    },
                    "type": "OpenApiConnection",
                    "inputs": {
                      "host": {
                        "connectionName": "shared_commondataserviceforapps",
                        "operationId": "CreateRecord",
                        "apiId": "/providers/Microsoft.PowerApps/apis/shared_commondataserviceforapps"
                      },
                      "parameters": {
                        "entityName": "annotations",
                        "item/subject": "Documento Recuperado - @{triggerBody()?['documento']} - Reprovado",
                        "item/notetext": "Leitura do Documento: @{variables('ValorLidoDocumento')}",
                        "item/isdocument": true,
                        "item/filename": "@{triggerBody()?['documento']}.@{triggerBody()?['extensao']}",
                        "item/objectid_incident@odata.bind": "incidents(@{outputs('Adicionar_uma_nova_linha_Ocorrencia_-_Reprovado')?['body/incidentid']})"
                      },
                      "authentication": "@parameters('$authentication')"
                    }
                  },
                  "Resposta_200_-_Reprovado": {
                    "runAfter": {
                      "Adicionar_uma_nova_linha_Observação_Reprovado": [
                        "Succeeded"
                      ]
                    },
                    "metadata": {
                      "operationMetadataId": "fa32c921-2e53-49bd-9da2-1a5d50b30920"
                    },
                    "type": "Response",
                    "kind": "Http",
                    "inputs": {
                      "statusCode": 200,
                      "body": {
                        "documento": "@{variables('ValorLidoDocumento')}",
                        "validado": false,
                        "response": "Não foi encontrado nenhum contato",
                        "ticketnumber": "@{outputs('Adicionar_uma_nova_linha_Ocorrencia_-_Reprovado')?['body/ticketnumber']}",
                        "idticket": "@{outputs('Adicionar_uma_nova_linha_Ocorrencia_-_Reprovado')?['body/incidentid']}"
                      }
                    }
                  }
                },
                "runAfter": {},
                "else": {
                  "actions": {
                    "Resposta_204_-_Reprovado": {
                      "runAfter": {},
                      "metadata": {
                        "operationMetadataId": "12380615-013c-4943-9d64-ce32dd9fc1da"
                      },
                      "type": "Response",
                      "kind": "Http",
                      "inputs": {
                        "statusCode": 200,
                        "body": {
                          "documento": "@{variables('ValorLidoDocumento')}",
                          "validado": false,
                          "response": "Não foi encontrado nenhum contato"
                        }
                      }
                    }
                  }
                },
                "expression": {
                  "greaterOrEquals": [
                    "@triggerBody()?['tentativa']",
                    3
                  ]
                },
                "metadata": {
                  "operationMetadataId": "2c0111b8-6878-4368-bcce-f7451679ba74"
                },
                "type": "If"
              }
            }
          },
          "expression": {
            "greater": [
              "@length(variables('idContatoEncontrado'))",
              0
            ]
          },
          "metadata": {
            "operationMetadataId": "cc8d712c-e4bc-444c-b5e8-c1e5b6721e94"
          },
          "type": "If"
        },
        "Inicializar_variável_idContato": {
          "runAfter": {
            "Inicializar_variável_ValorLidoDocumento": [
              "Succeeded"
            ]
          },
          "metadata": {
            "operationMetadataId": "94190202-f19b-45d1-8433-82a0bf928862"
          },
          "type": "InitializeVariable",
          "inputs": {
            "variables": [
              {
                "name": "idContatoEncontrado",
                "type": "string"
              }
            ]
          }
        },
        "Inicializar_variável_idDocumento": {
          "runAfter": {
            "Inicializar_variável_idContato": [
              "Succeeded"
            ]
          },
          "metadata": {
            "operationMetadataId": "efb6957d-37ec-46da-9637-19d4ea33b7d8"
          },
          "type": "InitializeVariable",
          "inputs": {
            "variables": [
              {
                "name": "IdDocumento",
                "type": "string"
              }
            ]
          }
        },
        "Inicializar_variável_idFila": {
          "runAfter": {
            "Inicializar_variável_idDocumento": [
              "Succeeded"
            ]
          },
          "metadata": {
            "operationMetadataId": "39bb8024-9120-49c8-973f-cc2c3a4ab091"
          },
          "type": "InitializeVariable",
          "inputs": {
            "variables": [
              {
                "name": "idFila",
                "type": "string",
                "value": "5D8D918E-3E35-ED11-9DB2-000D3A88F400"
              }
            ]
          }
        }
      },
      "outputs": {}
    }
  },
  "schemaVersion": "1.0.0.0"
}