{
  "properties": {
    "connectionReferences": {
      "shared_commondataserviceforapps": {
        "runtimeSource": "embedded",
        "connection": {
          "connectionReferenceLogicalName": "best_sharedcommondataserviceforapps_22e20"
        },
        "api": {
          "name": "shared_commondataserviceforapps"
        }
      },
      "shared_office365": {
        "runtimeSource": "embedded",
        "connection": {
          "connectionReferenceLogicalName": "bps_sharedoffice365_10d1a"
        },
        "api": {
          "name": "shared_office365"
        }
      },
      "shared_onedriveforbusiness": {
        "runtimeSource": "embedded",
        "connection": {
          "connectionReferenceLogicalName": "bps_sharedonedriveforbusiness_927ab"
        },
        "api": {
          "name": "shared_onedriveforbusiness"
        }
      }
    },
    "definition": {
      "$schema": "https://schema.management.azure.com/providers/Microsoft.Logic/schemas/2016-06-01/workflowdefinition.json#",
      "contentVersion": "1.0.0.0",
      "parameters": {
        "$connections": {
          "defaultValue": {},
          "type": "Object"
        },
        "$authentication": {
          "defaultValue": {},
          "type": "SecureObject"
        }
      },
      "triggers": {
        "manual": {
          "metadata": {
            "operationMetadataId": "40eaec69-784f-4bec-9aef-4a6558fdd039"
          },
          "type": "Request",
          "kind": "VirtualAgent",
          "inputs": {
            "schema": {
              "type": "object",
              "properties": {
                "text_2": {
                  "title": "idContato",
                  "type": "string",
                  "x-ms-dynamically-added": true,
                  "description": "Insira sua entrada",
                  "x-ms-content-hint": "TEXT"
                }
              },
              "required": [
                "text_2"
              ]
            }
          }
        }
      },
      "actions": {
        "Return_value(s)_to_Power_Virtual_Agents": {
          "runAfter": {
            "Condição": [
              "Succeeded"
            ]
          },
          "metadata": {
            "operationMetadataId": "678952d4-c4e8-4bee-acb8-fe13588efb72"
          },
          "type": "Response",
          "kind": "VirtualAgent",
          "inputs": {
            "statusCode": 200,
            "body": {
              "respostausuario": "<b> Segue o boleto gerado abaixado do pagante: @{outputs('Obter_uma_linha_por_ID')?['body/fullname']} com o cpf cadastrado: @{outputs('Obter_uma_linha_por_ID')?['body/bestpro_cpf']} </b> <br> @{outputs('Criar_link_de_compartilhamento')?['body/WebUrl']}"
            },
            "schema": {
              "type": "object",
              "properties": {
                "respostausuario": {
                  "title": "respostaUsuario",
                  "x-ms-dynamically-added": true,
                  "type": "string"
                }
              }
            }
          }
        },
        "Inicializar_variável_padrão_boleto": {
          "runAfter": {},
          "metadata": {
            "operationMetadataId": "da498b96-7f91-4aa8-bf49-7bb97a235214"
          },
          "type": "InitializeVariable",
          "inputs": {
            "variables": [
              {
                "name": "boleto",
                "type": "string",
                "value": "https://upload.wikimedia.org/wikipedia/commons/c/c7/BoletoBancario.png"
              }
            ]
          }
        },
        "Obter_uma_linha_por_ID": {
          "runAfter": {
            "Inicializar_variável_resposta_usuario": [
              "Succeeded"
            ]
          },
          "metadata": {
            "operationMetadataId": "d01556df-e602-41a4-8503-902cba83661a"
          },
          "type": "OpenApiConnection",
          "inputs": {
            "host": {
              "connectionName": "shared_commondataserviceforapps",
              "operationId": "GetItem",
              "apiId": "/providers/Microsoft.PowerApps/apis/shared_commondataserviceforapps"
            },
            "parameters": {
              "entityName": "contacts",
              "recordId": "@triggerBody()['text_2']"
            },
            "authentication": "@parameters('$authentication')"
          }
        },
        "Condição": {
          "actions": {
            "Enviar_um_email_(V2)": {
              "runAfter": {},
              "metadata": {
                "operationMetadataId": "158599e2-4215-49e7-aa6b-0024b45c75eb"
              },
              "type": "OpenApiConnection",
              "inputs": {
                "host": {
                  "connectionName": "shared_office365",
                  "operationId": "SendEmailV2",
                  "apiId": "/providers/Microsoft.PowerApps/apis/shared_office365"
                },
                "parameters": {
                  "emailMessage/To": "@outputs('Obter_uma_linha_por_ID')?['body/emailaddress1']",
                  "emailMessage/Subject": "Envio de Boleto - Innovation",
                  "emailMessage/Body": "<p>Boleto em anexo.</p>",
                  "emailMessage/Attachments": [
                    {
                      "Name": "Boleto.pdf",
                      "ContentBytes": "@body('Obter_conteúdo_de_arquivo')"
                    }
                  ],
                  "emailMessage/Importance": "Normal"
                },
                "authentication": "@parameters('$authentication')"
              }
            }
          },
          "runAfter": {
            "Obter_uma_linha_por_ID": [
              "Succeeded"
            ]
          },
          "expression": {
            "not": {
              "equals": [
                "@empty(outputs('Obter_uma_linha_por_ID')?['body/emailaddress1'])",
                true
              ]
            }
          },
          "metadata": {
            "operationMetadataId": "ae71682e-3d95-4927-8b2d-1a1c7ddf1718"
          },
          "type": "If"
        },
        "Inicializar_variável_resposta_usuario": {
          "runAfter": {
            "Criar_link_de_compartilhamento": [
              "Succeeded"
            ]
          },
          "metadata": {
            "operationMetadataId": "0d99bc2c-aef4-4d3f-8396-2a41abbd8c9c"
          },
          "type": "InitializeVariable",
          "inputs": {
            "variables": [
              {
                "name": "respostaUsuario",
                "type": "string"
              }
            ]
          }
        },
        "Obter_conteúdo_de_arquivo": {
          "runAfter": {
            "Inicializar_variável_padrão_boleto": [
              "Succeeded"
            ]
          },
          "metadata": {
            "b!5mcny-A6ekuRp1jZsFPUXV3ZqJEW8QxHo9FQpzMJZjvQed8vMzJTRJzXKUcSwgLB.016E6ND6356PR3P5BRHFHLQ3ZIQMHHPOGY": "/Innovation/BoletoBancario.png",
            "operationMetadataId": "d009a2d2-12fd-4f7b-a3f8-ee77d03ef6cd",
            "b!5mcny-A6ekuRp1jZsFPUXV3ZqJEW8QxHo9FQpzMJZjvQed8vMzJTRJzXKUcSwgLB.016E6ND62SXHJ4NXKONZHIZOUQUPDWZRGH": "/Innovation/boletoExemplo.pdf"
          },
          "type": "OpenApiConnection",
          "inputs": {
            "host": {
              "connectionName": "shared_onedriveforbusiness",
              "operationId": "GetFileContent",
              "apiId": "/providers/Microsoft.PowerApps/apis/shared_onedriveforbusiness"
            },
            "parameters": {
              "id": "b!5mcny-A6ekuRp1jZsFPUXV3ZqJEW8QxHo9FQpzMJZjvQed8vMzJTRJzXKUcSwgLB.016E6ND62SXHJ4NXKONZHIZOUQUPDWZRGH",
              "inferContentType": true
            },
            "authentication": "@parameters('$authentication')"
          }
        },
        "Criar_link_de_compartilhamento": {
          "runAfter": {
            "Obter_conteúdo_de_arquivo": [
              "Succeeded"
            ]
          },
          "metadata": {
            "b!5mcny-A6ekuRp1jZsFPUXV3ZqJEW8QxHo9FQpzMJZjvQed8vMzJTRJzXKUcSwgLB.016E6ND62SXHJ4NXKONZHIZOUQUPDWZRGH": "/Innovation/boletoExemplo.pdf",
            "operationMetadataId": "37844b64-da75-4aa0-bc0f-7a585b5dcb8a"
          },
          "type": "OpenApiConnection",
          "inputs": {
            "host": {
              "connectionName": "shared_onedriveforbusiness",
              "operationId": "CreateShareLinkV2",
              "apiId": "/providers/Microsoft.PowerApps/apis/shared_onedriveforbusiness"
            },
            "parameters": {
              "id": "b!5mcny-A6ekuRp1jZsFPUXV3ZqJEW8QxHo9FQpzMJZjvQed8vMzJTRJzXKUcSwgLB.016E6ND62SXHJ4NXKONZHIZOUQUPDWZRGH",
              "type": "Edit",
              "scope": "Anonymous"
            },
            "authentication": "@parameters('$authentication')"
          }
        }
      },
      "outputs": {}
    }
  },
  "schemaVersion": "1.0.0.0"
}