{
  "properties": {
    "connectionReferences": {
      "shared_commondataserviceforapps": {
        "runtimeSource": "embedded",
        "connection": {
          "connectionReferenceLogicalName": "bps_sharedcommondataserviceforapps_53edf"
        },
        "api": {
          "name": "shared_commondataserviceforapps"
        }
      }
    },
    "definition": {
      "$schema": "https://schema.management.azure.com/providers/Microsoft.Logic/schemas/2016-06-01/workflowdefinition.json#",
      "contentVersion": "1.0.0.0",
      "parameters": {
        "$connections": {
          "defaultValue": {},
          "type": "Object"
        },
        "$authentication": {
          "defaultValue": {},
          "type": "SecureObject"
        }
      },
      "triggers": {
        "Quando_uma_linha_é_adicionada_-_Contato_do_Portal": {
          "metadata": {
            "operationMetadataId": "effe73f3-68af-435a-880d-2cff00fd9dc8"
          },
          "type": "OpenApiConnectionWebhook",
          "inputs": {
            "host": {
              "connectionName": "shared_commondataserviceforapps",
              "operationId": "SubscribeWebhookTrigger",
              "apiId": "/providers/Microsoft.PowerApps/apis/shared_commondataserviceforapps"
            },
            "parameters": {
              "subscriptionRequest/message": 1,
              "subscriptionRequest/entityname": "contact",
              "subscriptionRequest/scope": 4,
              "subscriptionRequest/filterexpression": "adx_identity_username ne null"
            },
            "authentication": "@parameters('$authentication')"
          }
        }
      },
      "actions": {
        "Listar_linhas_-_Contatos_Modelos_por_ordem_de_utilização": {
          "runAfter": {},
          "metadata": {
            "operationMetadataId": "dfa401a2-75e4-4951-9e1d-66bca302810a"
          },
          "type": "OpenApiConnection",
          "inputs": {
            "host": {
              "connectionName": "shared_commondataserviceforapps",
              "operationId": "ListRecords",
              "apiId": "/providers/Microsoft.PowerApps/apis/shared_commondataserviceforapps"
            },
            "parameters": {
              "entityName": "contacts",
              "fetchXml": "<fetch>\n  <entity name=\"contact\" >\n    <filter>\n      <condition attribute=\"bps_bt_modelo\" operator=\"eq\" value=\"1\" />\n    </filter>\n    <order attribute=\"bps_dt_modeloultizadoem\" descending=\"false\" />\n  </entity>\n</fetch>",
              "$top": 1
            },
            "authentication": "@parameters('$authentication')"
          }
        },
        "Listar_linhas_-_Serviços_Sugerido": {
          "runAfter": {
            "Atualiza_modelo_com_a_data_atual": [
              "Succeeded"
            ]
          },
          "metadata": {
            "operationMetadataId": "e6475ce2-c3ed-4945-b963-6f51fb66cbdc"
          },
          "type": "OpenApiConnection",
          "inputs": {
            "host": {
              "connectionName": "shared_commondataserviceforapps",
              "operationId": "ListRecords",
              "apiId": "/providers/Microsoft.PowerApps/apis/shared_commondataserviceforapps"
            },
            "parameters": {
              "entityName": "bps_servicosugeridos",
              "fetchXml": "<fetch>\n  <entity name=\"bps_servicosugerido\" >\n    <filter>\n      <condition attribute=\"bps_lk_cliente\" operator=\"eq\" value=\"@{first(body('Listar_linhas_-_Contatos_Modelos_por_ordem_de_utilização')?['Value'])?['contactid']}\" />\n    </filter>\n  </entity>\n</fetch>"
            },
            "authentication": "@parameters('$authentication')"
          }
        },
        "Listar_linhas_2_-_Benefícios_Elegíveis": {
          "runAfter": {
            "Apply_to_each": [
              "Succeeded"
            ]
          },
          "metadata": {
            "operationMetadataId": "7df61f30-0752-41a5-a08c-0ba3dfde759e"
          },
          "type": "OpenApiConnection",
          "inputs": {
            "host": {
              "connectionName": "shared_commondataserviceforapps",
              "operationId": "ListRecords",
              "apiId": "/providers/Microsoft.PowerApps/apis/shared_commondataserviceforapps"
            },
            "parameters": {
              "entityName": "bps_beneficioelegivels",
              "fetchXml": "<fetch>\n  <entity name=\"bps_beneficioelegivel\" >\n    <filter>\n      <condition attribute=\"bps_lk_contato\" operator=\"eq\" value=\"@{first(body('Listar_linhas_-_Contatos_Modelos_por_ordem_de_utilização')?['Value'])?['contactid']}\" />\n    </filter>\n  </entity>\n</fetch>"
            },
            "authentication": "@parameters('$authentication')"
          }
        },
        "Listar_linhas_3_-_Impostos_do_Contribuinte": {
          "runAfter": {
            "Apply_to_each_2": [
              "Succeeded"
            ]
          },
          "metadata": {
            "operationMetadataId": "93e99e0a-3695-4c60-a9d5-7f381fe753ed"
          },
          "type": "OpenApiConnection",
          "inputs": {
            "host": {
              "connectionName": "shared_commondataserviceforapps",
              "operationId": "ListRecords",
              "apiId": "/providers/Microsoft.PowerApps/apis/shared_commondataserviceforapps"
            },
            "parameters": {
              "entityName": "bps_impostodocontribuintes",
              "fetchXml": "<fetch>\n  <entity name=\"bps_impostodocontribuinte\" >\n    <filter>\n      <condition attribute=\"bps_lk_cliente\" operator=\"eq\" value=\"@{first(body('Listar_linhas_-_Contatos_Modelos_por_ordem_de_utilização')?['Value'])?['contactid']}\" />\n    </filter>\n  </entity>\n</fetch>"
            },
            "authentication": "@parameters('$authentication')"
          }
        },
        "Atualiza_modelo_com_a_data_atual": {
          "runAfter": {
            "Listar_linhas_-_Contatos_Modelos_por_ordem_de_utilização": [
              "Succeeded"
            ]
          },
          "metadata": {
            "operationMetadataId": "fe51a031-6b30-4b49-a7ad-a3c729c94754"
          },
          "type": "OpenApiConnection",
          "inputs": {
            "host": {
              "connectionName": "shared_commondataserviceforapps",
              "operationId": "UpdateRecord",
              "apiId": "/providers/Microsoft.PowerApps/apis/shared_commondataserviceforapps"
            },
            "parameters": {
              "entityName": "contacts",
              "recordId": "@first(body('Listar_linhas_-_Contatos_Modelos_por_ordem_de_utilização')?['Value'])?['contactid']",
              "item/bps_dt_modeloultizadoem": "@utcNow()"
            },
            "authentication": "@parameters('$authentication')"
          }
        },
        "Listar_linhas_5_-_FGTS": {
          "runAfter": {
            "Apply_to_each_3": [
              "Succeeded"
            ]
          },
          "metadata": {
            "operationMetadataId": "8b2d4637-de42-4077-86c9-ba9e4fad2ad5"
          },
          "type": "OpenApiConnection",
          "inputs": {
            "host": {
              "connectionName": "shared_commondataserviceforapps",
              "operationId": "ListRecords",
              "apiId": "/providers/Microsoft.PowerApps/apis/shared_commondataserviceforapps"
            },
            "parameters": {
              "entityName": "bps_fgtses",
              "fetchXml": "<fetch>\n  <entity name=\"bps_fgts\" >\n    <filter>\n      <condition attribute=\"bps_contato\" operator=\"eq\" value=\"@{first(body('Listar_linhas_-_Contatos_Modelos_por_ordem_de_utilização')?['Value'])?['contactid']}\" />\n    </filter>\n  </entity>\n</fetch>"
            },
            "authentication": "@parameters('$authentication')"
          }
        },
        "Listar_linhas_6_-_Contribuição_do_INSS": {
          "runAfter": {
            "Apply_to_each_5": [
              "Succeeded"
            ]
          },
          "metadata": {
            "operationMetadataId": "a8e476c1-8e08-4b01-ab90-4e881d9474de"
          },
          "type": "OpenApiConnection",
          "inputs": {
            "host": {
              "connectionName": "shared_commondataserviceforapps",
              "operationId": "ListRecords",
              "apiId": "/providers/Microsoft.PowerApps/apis/shared_commondataserviceforapps"
            },
            "parameters": {
              "entityName": "bps_contribuicaodoinsses",
              "fetchXml": "<fetch>\n  <entity name=\"bps_contribuicaodoinss\" >\n    <filter>\n      <condition attribute=\"bps_lk_contato\" operator=\"eq\" value=\"@{first(body('Listar_linhas_-_Contatos_Modelos_por_ordem_de_utilização')?['Value'])?['contactid']}\" />\n    </filter>\n  </entity>\n</fetch>"
            },
            "authentication": "@parameters('$authentication')"
          }
        },
        "Apply_to_each": {
          "foreach": "@outputs('Listar_linhas_-_Serviços_Sugerido')?['body/value']",
          "actions": {
            "Adicionar_uma_nova_linha_-_Serviços_Sugeridos": {
              "runAfter": {},
              "metadata": {
                "operationMetadataId": "b6e9cba3-30dc-4f37-b8c6-4d9b7d4c2c61"
              },
              "type": "OpenApiConnection",
              "inputs": {
                "host": {
                  "connectionName": "shared_commondataserviceforapps",
                  "operationId": "CreateRecord",
                  "apiId": "/providers/Microsoft.PowerApps/apis/shared_commondataserviceforapps"
                },
                "parameters": {
                  "entityName": "bps_servicosugeridos",
                  "item/bps_lk_servico@odata.bind": "bps_servicoses(@{items('Apply_to_each')?['_bps_lk_servico_value']})",
                  "item/bps_lk_cliente_contact@odata.bind": "contacts(@{triggerOutputs()?['body/contactid']})",
                  "item/bps_st_nome": "@items('Apply_to_each')?['bps_st_nome']"
                },
                "authentication": "@parameters('$authentication')"
              }
            }
          },
          "runAfter": {
            "Listar_linhas_-_Serviços_Sugerido": [
              "Succeeded"
            ]
          },
          "metadata": {
            "operationMetadataId": "f6065a82-69d5-4340-8353-cdc353991141"
          },
          "type": "Foreach"
        },
        "Apply_to_each_2": {
          "foreach": "@outputs('Listar_linhas_2_-_Benefícios_Elegíveis')?['body/value']",
          "actions": {
            "Adicionar_uma_nova_linha_-_Benefícios_Elegíveis": {
              "runAfter": {},
              "metadata": {
                "operationMetadataId": "dd6c58ab-5a29-43b0-9361-28b8e90f3cca"
              },
              "type": "OpenApiConnection",
              "inputs": {
                "host": {
                  "connectionName": "shared_commondataserviceforapps",
                  "operationId": "CreateRecord",
                  "apiId": "/providers/Microsoft.PowerApps/apis/shared_commondataserviceforapps"
                },
                "parameters": {
                  "entityName": "bps_beneficioelegivels",
                  "item/bps_Beneficio@odata.bind": "bps_beneficios(@{items('Apply_to_each_2')?['_bps_beneficio_value']})",
                  "item/bps_lk_contato@odata.bind": "contacts(@{triggerOutputs()?['body/contactid']})",
                  "item/bps_st_nome": "@items('Apply_to_each_2')?['bps_st_nome']"
                },
                "authentication": "@parameters('$authentication')"
              }
            }
          },
          "runAfter": {
            "Listar_linhas_2_-_Benefícios_Elegíveis": [
              "Succeeded"
            ]
          },
          "metadata": {
            "operationMetadataId": "d0004210-c6c6-4b52-bd96-bc7fdc1aea41"
          },
          "type": "Foreach"
        },
        "Apply_to_each_3": {
          "foreach": "@outputs('Listar_linhas_3_-_Impostos_do_Contribuinte')?['body/value']",
          "actions": {
            "Adicionar_uma_nova_linha_-_Imposto_do_Contribuinte": {
              "runAfter": {},
              "metadata": {
                "operationMetadataId": "7fd603af-eb30-47de-999e-8bc16c0454a3"
              },
              "type": "OpenApiConnection",
              "inputs": {
                "host": {
                  "connectionName": "shared_commondataserviceforapps",
                  "operationId": "CreateRecord",
                  "apiId": "/providers/Microsoft.PowerApps/apis/shared_commondataserviceforapps"
                },
                "parameters": {
                  "entityName": "bps_impostodocontribuintes",
                  "item/bps_lk_cliente_contact@odata.bind": "contacts(@{triggerOutputs()?['body/contactid']})",
                  "item/bps_lk_imposto@odata.bind": "bps_impostos(@{items('Apply_to_each_3')?['_bps_lk_imposto_value']})",
                  "item/bps_st_nome": "@items('Apply_to_each_3')?['bps_st_nome']",
                  "item/bps_mn_valor": "@items('Apply_to_each_3')?['bps_mn_valor']"
                },
                "authentication": "@parameters('$authentication')"
              }
            }
          },
          "runAfter": {
            "Listar_linhas_3_-_Impostos_do_Contribuinte": [
              "Succeeded"
            ]
          },
          "metadata": {
            "operationMetadataId": "f05f1022-8ea6-439b-84cf-16e49f9f28c2"
          },
          "type": "Foreach"
        },
        "Apply_to_each_5": {
          "foreach": "@outputs('Listar_linhas_5_-_FGTS')?['body/value']",
          "actions": {
            "Adicionar_uma_nova_linha_-_FGTS": {
              "runAfter": {},
              "metadata": {
                "operationMetadataId": "a11aa9d3-d76a-450e-bc5f-322f8a22f589"
              },
              "type": "OpenApiConnection",
              "inputs": {
                "host": {
                  "connectionName": "shared_commondataserviceforapps",
                  "operationId": "CreateRecord",
                  "apiId": "/providers/Microsoft.PowerApps/apis/shared_commondataserviceforapps"
                },
                "parameters": {
                  "entityName": "bps_fgtses",
                  "item/bps_Contato@odata.bind": "contacts(@{triggerOutputs()?['body/contactid']})",
                  "item/bps_datadaoperacao": "@items('Apply_to_each_5')?['bps_datadaoperacao']",
                  "item/bps_st_nome": "@items('Apply_to_each_5')?['bps_st_nome']",
                  "item/bps_tipodeoperaca0": "@items('Apply_to_each_5')?['bps_tipodeoperaca0']",
                  "item/bps_mn_valor": "@items('Apply_to_each_5')?['bps_mn_valor']"
                },
                "authentication": "@parameters('$authentication')"
              }
            }
          },
          "runAfter": {
            "Listar_linhas_5_-_FGTS": [
              "Succeeded"
            ]
          },
          "metadata": {
            "operationMetadataId": "bd8fada8-5cf2-4fd4-a584-c031294487a9"
          },
          "type": "Foreach"
        },
        "Apply_to_each_6": {
          "foreach": "@outputs('Listar_linhas_6_-_Contribuição_do_INSS')?['body/value']",
          "actions": {
            "Adicionar_uma_nova_linha": {
              "runAfter": {},
              "metadata": {
                "operationMetadataId": "1bb9fe49-8853-487e-81ea-429ce64e2187"
              },
              "type": "OpenApiConnection",
              "inputs": {
                "host": {
                  "connectionName": "shared_commondataserviceforapps",
                  "operationId": "CreateRecord",
                  "apiId": "/providers/Microsoft.PowerApps/apis/shared_commondataserviceforapps"
                },
                "parameters": {
                  "entityName": "bps_contribuicaodoinsses",
                  "item/bps_lk_contato@odata.bind": "contacts(@{triggerOutputs()?['body/contactid']})",
                  "item/bps_dt_datadecontribuicao": "@items('Apply_to_each_6')?['bps_dt_datadecontribuicao']",
                  "item/bps_st_nome": "@items('Apply_to_each_6')?['bps_st_nome']",
                  "item/bps_mn_valor": "@items('Apply_to_each_6')?['bps_mn_valor']"
                },
                "authentication": "@parameters('$authentication')"
              }
            }
          },
          "runAfter": {
            "Listar_linhas_6_-_Contribuição_do_INSS": [
              "Succeeded"
            ]
          },
          "metadata": {
            "operationMetadataId": "ac87ec40-2896-4a33-aa46-6bad158f0ef9"
          },
          "type": "Foreach"
        }
      }
    }
  },
  "schemaVersion": "1.0.0.0"
}