{
  "properties": {
    "connectionReferences": {
      "shared_commondataserviceforapps": {
        "runtimeSource": "embedded",
        "connection": {
          "connectionReferenceLogicalName": "best_sharedcommondataserviceforapps_22e20"
        },
        "api": {
          "name": "shared_commondataserviceforapps"
        }
      }
    },
    "definition": {
      "$schema": "https://schema.management.azure.com/providers/Microsoft.Logic/schemas/2016-06-01/workflowdefinition.json#",
      "contentVersion": "1.0.0.0",
      "parameters": {
        "$connections": {
          "defaultValue": {},
          "type": "Object"
        },
        "$authentication": {
          "defaultValue": {},
          "type": "SecureObject"
        }
      },
      "triggers": {
        "manual": {
          "metadata": {
            "operationMetadataId": "d093acdf-61b2-4ad5-989d-41114a3fbfbb"
          },
          "type": "Request",
          "kind": "VirtualAgent",
          "inputs": {
            "schema": {
              "type": "object",
              "properties": {
                "text": {
                  "title": "duvida",
                  "type": "string",
                  "x-ms-dynamically-added": true,
                  "description": "Insira sua entrada",
                  "x-ms-content-hint": "TEXT"
                }
              },
              "required": [
                "text"
              ]
            }
          }
        }
      },
      "actions": {
        "Return_value(s)_to_Power_Virtual_Agents": {
          "runAfter": {
            "Condição": [
              "Succeeded"
            ]
          },
          "metadata": {
            "operationMetadataId": "5339e3bb-b114-4154-92df-56e8d933e5a4"
          },
          "type": "Response",
          "kind": "VirtualAgent",
          "inputs": {
            "statusCode": 200,
            "body": {
              "respostaduvida": "@variables('respostaDuvida')",
              "encaminharagente": "@{variables('encaminhar')}"
            },
            "schema": {
              "type": "object",
              "properties": {
                "respostaduvida": {
                  "title": "respostaDuvida",
                  "x-ms-dynamically-added": true,
                  "type": "string"
                },
                "encaminharagente": {
                  "title": "encaminharAgente",
                  "x-ms-dynamically-added": true,
                  "type": "boolean"
                }
              }
            }
          }
        },
        "Condição": {
          "actions": {},
          "runAfter": {
            "Aplicar_a_cada_2": [
              "Succeeded"
            ]
          },
          "else": {
            "actions": {
              "Definir_variável": {
                "runAfter": {},
                "metadata": {
                  "operationMetadataId": "9ad6d095-80c8-48db-9cec-9b45e66d3360"
                },
                "type": "SetVariable",
                "inputs": {
                  "name": "encaminhar",
                  "value": true
                }
              }
            }
          },
          "expression": {
            "greater": [
              "@length(variables('respostaDuvida'))",
              0
            ]
          },
          "metadata": {
            "operationMetadataId": "49eb0503-3b8c-472c-add8-5d621ee3c8df"
          },
          "type": "If"
        },
        "Inicializar_variável_encaminhar_para_agente": {
          "runAfter": {},
          "metadata": {
            "operationMetadataId": "5153aa01-aaec-484a-a9b7-063de675b710"
          },
          "type": "InitializeVariable",
          "inputs": {
            "variables": [
              {
                "name": "encaminhar",
                "type": "boolean",
                "value": false
              }
            ]
          }
        },
        "Inicializar_variável_resposta_dúvida": {
          "runAfter": {
            "Inicializar_variável_encaminhar_para_agente": [
              "Succeeded"
            ]
          },
          "metadata": {
            "operationMetadataId": "ac332344-ec7c-4df0-a81d-1346f102e739"
          },
          "type": "InitializeVariable",
          "inputs": {
            "variables": [
              {
                "name": "respostaDuvida",
                "type": "string"
              }
            ]
          }
        },
        "Compor": {
          "runAfter": {
            "Inicializar_variável_resposta_dúvida": [
              "Succeeded"
            ]
          },
          "metadata": {
            "operationMetadataId": "afb78c96-161a-49c3-a835-9e0644154c0d"
          },
          "type": "Compose",
          "inputs": "@split(triggerBody()['text'],' ')"
        },
        "Aplicar_a_cada_2": {
          "foreach": "@outputs('Compor')",
          "actions": {
            "Buscar_dúvida_nos_artigos_de_conhecimento": {
              "runAfter": {},
              "metadata": {
                "operationMetadataId": "0d7fdccf-6dea-40b6-8142-af8498b1cc79"
              },
              "type": "OpenApiConnection",
              "inputs": {
                "host": {
                  "connectionName": "shared_commondataserviceforapps",
                  "operationId": "ListRecords",
                  "apiId": "/providers/Microsoft.PowerApps/apis/shared_commondataserviceforapps"
                },
                "parameters": {
                  "entityName": "knowledgearticles",
                  "fetchXml": "<fetch version=\"1.0\" output-format=\"xml-platform\" mapping=\"logical\" distinct=\"false\">\n  <entity name=\"knowledgearticle\">\n    <attribute name=\"articlepublicnumber\" />\n    <attribute name=\"knowledgearticleid\" />\n    <attribute name=\"title\" />\n    <attribute name=\"createdon\" />\n    <attribute name=\"majorversionnumber\" />\n    <attribute name=\"minorversionnumber\" />\n    <attribute name=\"statecode\" />\n    <attribute name=\"statuscode\" />\n    <attribute name=\"content\" />\n    <order attribute=\"articlepublicnumber\" descending=\"false\" />\n    <filter type=\"and\">\n      <condition attribute=\"isrootarticle\" operator=\"eq\" value=\"0\" />\n      <condition attribute=\"keywords\" operator=\"like\" value=\"@{items('Aplicar_a_cada_2')}\" />\n      <condition attribute=\"statuscode\" operator=\"eq\" value=\"7\" />\n    </filter>\n  </entity>\n</fetch>"
                },
                "authentication": "@parameters('$authentication')"
              }
            },
            "Aplicar_a_cada": {
              "foreach": "@outputs('Buscar_dúvida_nos_artigos_de_conhecimento')?['body/value']",
              "actions": {
                "Definir_variável_2": {
                  "runAfter": {},
                  "metadata": {
                    "operationMetadataId": "e4a50997-72d9-4deb-bc85-2634a3366be8"
                  },
                  "type": "SetVariable",
                  "inputs": {
                    "name": "respostaDuvida",
                    "value": "@{items('Aplicar_a_cada')?['content']} <br>"
                  }
                }
              },
              "runAfter": {
                "Buscar_dúvida_nos_artigos_de_conhecimento": [
                  "Succeeded"
                ]
              },
              "metadata": {
                "operationMetadataId": "fe3b5ace-9142-45ec-a620-fe7f1c60f9db"
              },
              "type": "Foreach"
            }
          },
          "runAfter": {
            "Compor": [
              "Succeeded"
            ]
          },
          "metadata": {
            "operationMetadataId": "6e4446ad-80ae-42a8-b9b4-1888bed08e6e"
          },
          "type": "Foreach"
        }
      },
      "outputs": {}
    }
  },
  "schemaVersion": "1.0.0.0"
}