{
  "intents": [
    {
      "dialogId": "new_topic_f1c45d571a514ade9182f7d46aee5517",
      "isTriggeringEnabled": true,
      "id": "new_topic_f1c45d571a514ade9182f7d46aee5517",
      "displayName": "Impostos",
      "createdTime": "2022-09-29T15:15:15.3955107Z",
      "updatedTime": "2022-09-29T15:20:52.9462133Z",
      "createdUserId": "5a881907-c90f-474b-af45-e939cccca765",
      "updatedUserId": "5a881907-c90f-474b-af45-e939cccca765"
    }
  ],
  "dialogs": [
    {
      "rootNodeId": "3bc480a8-6442-4e5e-9bb5-526a6deb3d08",
      "messageNodes": [
        {
          "botMessageId": "418adc03-29d5-4126-8af3-7e358590042c",
          "nodeType": "BotMessageNode",
          "id": "b917256f-97dc-47fb-9398-ddf2efb53cf2"
        }
      ],
      "actionNodes": [
        {
          "contextVariableId": "c9eed82f-4aeb-4cbd-a56c-3ae8a059cc31",
          "nodeType": "ActionNode",
          "inputParameterVariableIdMap": {
            "text": "{msdyn_variable_182e127b57bc448a8171c7a2b69857d5_de479ff3f7e94527ba5731f4292c9fd5}"
          },
          "outputExpressionVariableIds": [
            "588f58a6-ec8c-4de0-8daa-daa2cc86cda8"
          ],
          "id": "3bc480a8-6442-4e5e-9bb5-526a6deb3d08",
          "defaultTargetNodeId": "b917256f-97dc-47fb-9398-ddf2efb53cf2"
        }
      ],
      "id": "new_topic_f1c45d571a514ade9182f7d46aee5517",
      "displayName": "Sem título",
      "createdTime": "2022-09-29T15:15:15.3955107Z",
      "updatedTime": "2022-09-29T15:20:52.9462133Z",
      "createdUserId": "5a881907-c90f-474b-af45-e939cccca765",
      "updatedUserId": "5a881907-c90f-474b-af45-e939cccca765"
    }
  ],
  "botMessages": [
    {
      "channelContent": {
        "web": {
          "contentFormat": "Markdown",
          "content": "{588f58a6-ec8c-4de0-8daa-daa2cc86cda8}"
        }
      },
      "id": "418adc03-29d5-4126-8af3-7e358590042c",
      "createdTime": "2022-09-29T15:19:06.388Z",
      "updatedTime": "2022-09-29T15:19:06.388Z",
      "createdUserId": "user-0",
      "updatedUserId": "user-0"
    }
  ],
  "actionDefinitions": [
    {
      "timeoutInSeconds": 60,
      "retryCount": 1,
      "method": 2,
      "headers": {
        "accept": "application/json"
      },
      "bodyContent": "{\"text\":\"{msdyn_variable_182e127b57bc448a8171c7a2b69857d5_de479ff3f7e94527ba5731f4292c9fd5}\"}",
      "actionType": "Flow",
      "flowMetadata": {
        "id": "ba365687-d139-ed11-9db1-000d3a88f400",
        "title": "Lista Impostos",
        "description": "Chame este fluxo do Power Virtual Agents.",
        "httpMethod": 2,
        "inputParameters": [
          {
            "name": "GuidContato",
            "id": "text",
            "type": "String",
            "optional": false
          }
        ],
        "outputParameters": [
          {
            "name": "Impostos",
            "id": "impostos",
            "type": "String",
            "optional": true
          }
        ],
        "outputSchemaType": "Json",
        "createdTime": "2022-09-21T17:19:25Z",
        "isEnabled": true,
        "lastModifiedTime": "2022-09-28T11:54:38Z",
        "versionNumber": 114704343
      },
      "id": "e1bb65a7-ed24-4c4c-9c11-b422ffc13624",
      "displayName": "Lista Impostos",
      "description": "Chame este fluxo do Power Virtual Agents.",
      "createdTime": "2022-09-29T15:18:54.256Z",
      "updatedTime": "2022-09-29T15:18:54.256Z"
    }
  ],
  "contextVariables": [
    {
      "customTypeId": "aa0f8c0b-f29b-463a-ba85-f1063419eb1e",
      "initializerType": "Action",
      "scope": "Dialog",
      "greedySlotFillingEnabled": false,
      "isInput": false,
      "externalInitializationAllowed": false,
      "actionId": "e1bb65a7-ed24-4c4c-9c11-b422ffc13624",
      "isGlobal": false,
      "id": "c9eed82f-4aeb-4cbd-a56c-3ae8a059cc31",
      "displayName": "",
      "createdTime": "2022-09-29T15:18:54.258Z",
      "updatedTime": "2022-09-29T15:20:52.9462133Z",
      "createdUserId": "user-0",
      "updatedUserId": "5a881907-c90f-474b-af45-e939cccca765"
    },
    {
      "systemType": "String",
      "initializerType": "Expression",
      "scope": "Dialog",
      "greedySlotFillingEnabled": false,
      "isInput": false,
      "externalInitializationAllowed": false,
      "expression": "@parameters('c9eed82f-4aeb-4cbd-a56c-3ae8a059cc31')['impostos']",
      "isGlobal": false,
      "id": "588f58a6-ec8c-4de0-8daa-daa2cc86cda8",
      "displayName": "Impostos",
      "createdTime": "2022-09-29T15:18:54.258Z",
      "updatedTime": "2022-09-29T15:20:52.9462133Z",
      "createdUserId": "user-0",
      "updatedUserId": "5a881907-c90f-474b-af45-e939cccca765"
    }
  ],
  "jsonTypes": [
    {
      "customTypeSchema": "Json",
      "id": "aa0f8c0b-f29b-463a-ba85-f1063419eb1e",
      "displayName": "Response Json Type for Flow - Lista Impostos",
      "createdTime": "2022-09-29T15:18:54.258Z",
      "updatedTime": "2022-09-29T15:18:54.258Z"
    }
  ]
}