<bot_botcomponentset>
  <bot_botcomponent botcomponentid.schemaname="new_customtype_fca889f357714c909c23437c8f09ce61_92610204747047ac8f788f7eecd91118" botid.schemaname="new_bot_fca889f357714c909c23437c8f09ce61">
    <iscustomizable>1</iscustomizable>
  </bot_botcomponent>
  <bot_botcomponent botcomponentid.schemaname="new_customtype_fca889f357714c909c23437c8f09ce61_f86fcadfd497444e91ed11c12b059d10" botid.schemaname="new_bot_fca889f357714c909c23437c8f09ce61">
    <iscustomizable>1</iscustomizable>
  </bot_botcomponent>
  <bot_botcomponent botcomponentid.schemaname="new_topic_00b7c06039ba450fb9d8985e15da71bf" botid.schemaname="new_bot_fca889f357714c909c23437c8f09ce61">
    <iscustomizable>1</iscustomizable>
  </bot_botcomponent>
  <bot_botcomponent botcomponentid.schemaname="new_topic_09918fe529c74259baefade303edb485" botid.schemaname="new_bot_fca889f357714c909c23437c8f09ce61">
    <iscustomizable>1</iscustomizable>
  </bot_botcomponent>
  <bot_botcomponent botcomponentid.schemaname="new_topic_0de951debbc3480ea3f7b37a51abf41e" botid.schemaname="new_bot_fca889f357714c909c23437c8f09ce61">
    <iscustomizable>1</iscustomizable>
  </bot_botcomponent>
  <bot_botcomponent botcomponentid.schemaname="new_topic_4a67ca963e0747a4aa7118fcdc5bca4a" botid.schemaname="new_bot_fca889f357714c909c23437c8f09ce61">
    <iscustomizable>1</iscustomizable>
  </bot_botcomponent>
  <bot_botcomponent botcomponentid.schemaname="new_topic_5966ef6346134755b2ec100189077e8e" botid.schemaname="new_bot_fca889f357714c909c23437c8f09ce61">
    <iscustomizable>1</iscustomizable>
  </bot_botcomponent>
  <bot_botcomponent botcomponentid.schemaname="new_topic_70947611af5849db93b386f64f794116" botid.schemaname="new_bot_fca889f357714c909c23437c8f09ce61">
    <iscustomizable>1</iscustomizable>
  </bot_botcomponent>
  <bot_botcomponent botcomponentid.schemaname="new_topic_83c62ef2f2f34f2d85713cc2e336ac2a" botid.schemaname="new_bot_fca889f357714c909c23437c8f09ce61">
    <iscustomizable>1</iscustomizable>
  </bot_botcomponent>
  <bot_botcomponent botcomponentid.schemaname="new_topic_a0887b67d7334ab6a01102d7ec8458e7" botid.schemaname="new_bot_fca889f357714c909c23437c8f09ce61">
    <iscustomizable>1</iscustomizable>
  </bot_botcomponent>
  <bot_botcomponent botcomponentid.schemaname="new_topic_b6ff7246b8b648669e32e629d810a4d6" botid.schemaname="new_bot_fca889f357714c909c23437c8f09ce61">
    <iscustomizable>1</iscustomizable>
  </bot_botcomponent>
  <bot_botcomponent botcomponentid.schemaname="new_topic_c27ea7bf871c49e7ac67bb56080957b3" botid.schemaname="new_bot_fca889f357714c909c23437c8f09ce61">
    <iscustomizable>1</iscustomizable>
  </bot_botcomponent>
  <bot_botcomponent botcomponentid.schemaname="new_topic_c70b2e7e55144628ad43fce387cb9ede" botid.schemaname="new_bot_fca889f357714c909c23437c8f09ce61">
    <iscustomizable>1</iscustomizable>
  </bot_botcomponent>
  <bot_botcomponent botcomponentid.schemaname="new_topic_e0285b8e1e78438c92ebd49e3bbe0bc9" botid.schemaname="new_bot_fca889f357714c909c23437c8f09ce61">
    <iscustomizable>1</iscustomizable>
  </bot_botcomponent>
  <bot_botcomponent botcomponentid.schemaname="new_topic_f1c45d571a514ade9182f7d46aee5517" botid.schemaname="new_bot_fca889f357714c909c23437c8f09ce61">
    <iscustomizable>1</iscustomizable>
  </bot_botcomponent>
  <bot_botcomponent botcomponentid.schemaname="new_topic_f32993ceb8254ee8b874a4267457445d" botid.schemaname="new_bot_fca889f357714c909c23437c8f09ce61">
    <iscustomizable>1</iscustomizable>
  </bot_botcomponent>
  <bot_botcomponent botcomponentid.schemaname="new_topic_f3fc55d696b54f7999951e3fb99b4e11" botid.schemaname="new_bot_fca889f357714c909c23437c8f09ce61">
    <iscustomizable>1</iscustomizable>
  </bot_botcomponent>
  <bot_botcomponent botcomponentid.schemaname="new_topic_fca889f357714c909c23437c8f09ce61_21a34f1673a24096a99ba0effb63cc1d" botid.schemaname="new_bot_fca889f357714c909c23437c8f09ce61">
    <iscustomizable>1</iscustomizable>
  </bot_botcomponent>
  <bot_botcomponent botcomponentid.schemaname="new_topic_fca889f357714c909c23437c8f09ce61_33d5123770ba4daeafae51b361ddc80a" botid.schemaname="new_bot_fca889f357714c909c23437c8f09ce61">
    <iscustomizable>1</iscustomizable>
  </bot_botcomponent>
  <bot_botcomponent botcomponentid.schemaname="new_topic_fca889f357714c909c23437c8f09ce61_3d2584ec30914684839527e05e7be172_thankyou" botid.schemaname="new_bot_fca889f357714c909c23437c8f09ce61">
    <iscustomizable>1</iscustomizable>
  </bot_botcomponent>
  <bot_botcomponent botcomponentid.schemaname="new_topic_fca889f357714c909c23437c8f09ce61_85df75ce08a44a9b82cc8f3fdb25f669" botid.schemaname="new_bot_fca889f357714c909c23437c8f09ce61">
    <iscustomizable>1</iscustomizable>
  </bot_botcomponent>
  <bot_botcomponent botcomponentid.schemaname="new_topic_fca889f357714c909c23437c8f09ce61_8a4964498f83424bb3a86295bf7d0952_startover" botid.schemaname="new_bot_fca889f357714c909c23437c8f09ce61">
    <iscustomizable>1</iscustomizable>
  </bot_botcomponent>
  <bot_botcomponent botcomponentid.schemaname="new_topic_fca889f357714c909c23437c8f09ce61_954135cafcd647eaae5999ad91fc08cf_talktoagent" botid.schemaname="new_bot_fca889f357714c909c23437c8f09ce61">
    <iscustomizable>1</iscustomizable>
  </bot_botcomponent>
  <bot_botcomponent botcomponentid.schemaname="new_topic_fca889f357714c909c23437c8f09ce61_aeabea4d071f415c8c107e1cb7af5424_assumedsuccess" botid.schemaname="new_bot_fca889f357714c909c23437c8f09ce61">
    <iscustomizable>1</iscustomizable>
  </bot_botcomponent>
  <bot_botcomponent botcomponentid.schemaname="new_topic_fca889f357714c909c23437c8f09ce61_ba7b967c97ba4c39bca58a8bb6a72d59_conversationstart" botid.schemaname="new_bot_fca889f357714c909c23437c8f09ce61">
    <iscustomizable>1</iscustomizable>
  </bot_botcomponent>
  <bot_botcomponent botcomponentid.schemaname="new_topic_fca889f357714c909c23437c8f09ce61_d2198a5ee41a48a5bf70ab8970145a9f_confirmedfailure" botid.schemaname="new_bot_fca889f357714c909c23437c8f09ce61">
    <iscustomizable>1</iscustomizable>
  </bot_botcomponent>
  <bot_botcomponent botcomponentid.schemaname="new_topic_fca889f357714c909c23437c8f09ce61_db1f76b081dc43389df9dd2df7518737_confirmedsuccess" botid.schemaname="new_bot_fca889f357714c909c23437c8f09ce61">
    <iscustomizable>1</iscustomizable>
  </bot_botcomponent>
  <bot_botcomponent botcomponentid.schemaname="new_topic_fca889f357714c909c23437c8f09ce61_dbafebd526364487911b63a2a774389f" botid.schemaname="new_bot_fca889f357714c909c23437c8f09ce61">
    <iscustomizable>1</iscustomizable>
  </bot_botcomponent>
  <bot_botcomponent botcomponentid.schemaname="new_topic_fca889f357714c909c23437c8f09ce61_f56d1a3e522740c78f9fac0939332dbd_goodbye" botid.schemaname="new_bot_fca889f357714c909c23437c8f09ce61">
    <iscustomizable>1</iscustomizable>
  </bot_botcomponent>
  <bot_botcomponent botcomponentid.schemaname="new_variable_fca889f357714c909c23437c8f09ce61_754b096828da42d6becc9acbb26514e9" botid.schemaname="new_bot_fca889f357714c909c23437c8f09ce61">
    <iscustomizable>1</iscustomizable>
  </bot_botcomponent>
  <bot_botcomponent botcomponentid.schemaname="new_variable_fca889f357714c909c23437c8f09ce61_982742a8fa5646a5908797067b85cf7e" botid.schemaname="new_bot_fca889f357714c909c23437c8f09ce61">
    <iscustomizable>1</iscustomizable>
  </bot_botcomponent>
  <bot_botcomponent botcomponentid.schemaname="new_variable_fca889f357714c909c23437c8f09ce61_c56affb8d2644678a61c6c4f45c3b9eb" botid.schemaname="new_bot_fca889f357714c909c23437c8f09ce61">
    <iscustomizable>1</iscustomizable>
  </bot_botcomponent>
</bot_botcomponentset>