<botcomponent_workflowset>
  <botcomponent_workflow botcomponentid.schemaname="new_topic_4a67ca963e0747a4aa7118fcdc5bca4a" workflowid.workflowid="ef2cf050-4f3f-ed11-bba3-000d3a88f400">
    <iscustomizable>1</iscustomizable>
  </botcomponent_workflow>
  <botcomponent_workflow botcomponentid.schemaname="new_topic_5966ef6346134755b2ec100189077e8e" workflowid.workflowid="9424a735-eb3f-ed11-bba3-000d3a88f400">
    <iscustomizable>1</iscustomizable>
  </botcomponent_workflow>
  <botcomponent_workflow botcomponentid.schemaname="new_topic_c27ea7bf871c49e7ac67bb56080957b3" workflowid.workflowid="8055f1f1-1438-ed11-9db1-000d3a88fff5">
    <iscustomizable>1</iscustomizable>
  </botcomponent_workflow>
  <botcomponent_workflow botcomponentid.schemaname="new_topic_c27ea7bf871c49e7ac67bb56080957b3" workflowid.workflowid="cdf8a9cc-e735-ed11-9db2-000d3a88fff5">
    <iscustomizable>1</iscustomizable>
  </botcomponent_workflow>
  <botcomponent_workflow botcomponentid.schemaname="new_topic_f1c45d571a514ade9182f7d46aee5517" workflowid.workflowid="ba365687-d139-ed11-9db1-000d3a88f400">
    <iscustomizable>1</iscustomizable>
  </botcomponent_workflow>
  <botcomponent_workflow botcomponentid.schemaname="new_topic_f3fc55d696b54f7999951e3fb99b4e11" workflowid.workflowid="ef2cf050-4f3f-ed11-bba3-000d3a88f400">
    <iscustomizable>1</iscustomizable>
  </botcomponent_workflow>
  <botcomponent_workflow botcomponentid.schemaname="new_topic_fca889f357714c909c23437c8f09ce61_ba7b967c97ba4c39bca58a8bb6a72d59_conversationstart" workflowid.workflowid="a1ea9e56-d340-ed11-bba2-00224837c754">
    <iscustomizable>1</iscustomizable>
  </botcomponent_workflow>
</botcomponent_workflowset>