<botcomponent_botcomponentset>
  <botcomponent_botcomponent botcomponentidone.schemaname="new_topic_00b7c06039ba450fb9d8985e15da71bf" botcomponentidtwo.schemaname="new_topic_5966ef6346134755b2ec100189077e8e">
    <iscustomizable>1</iscustomizable>
  </botcomponent_botcomponent>
  <botcomponent_botcomponent botcomponentidone.schemaname="new_topic_00b7c06039ba450fb9d8985e15da71bf" botcomponentidtwo.schemaname="new_topic_b6ff7246b8b648669e32e629d810a4d6">
    <iscustomizable>1</iscustomizable>
  </botcomponent_botcomponent>
  <botcomponent_botcomponent botcomponentidone.schemaname="new_topic_0de951debbc3480ea3f7b37a51abf41e" botcomponentidtwo.schemaname="new_topic_f3fc55d696b54f7999951e3fb99b4e11">
    <iscustomizable>1</iscustomizable>
  </botcomponent_botcomponent>
  <botcomponent_botcomponent botcomponentidone.schemaname="new_topic_4a67ca963e0747a4aa7118fcdc5bca4a" botcomponentidtwo.schemaname="new_topic_00b7c06039ba450fb9d8985e15da71bf">
    <iscustomizable>1</iscustomizable>
  </botcomponent_botcomponent>
  <botcomponent_botcomponent botcomponentidone.schemaname="new_topic_4a67ca963e0747a4aa7118fcdc5bca4a" botcomponentidtwo.schemaname="new_topic_83c62ef2f2f34f2d85713cc2e336ac2a">
    <iscustomizable>1</iscustomizable>
  </botcomponent_botcomponent>
  <botcomponent_botcomponent botcomponentidone.schemaname="new_topic_4a67ca963e0747a4aa7118fcdc5bca4a" botcomponentidtwo.schemaname="new_topic_e0285b8e1e78438c92ebd49e3bbe0bc9">
    <iscustomizable>1</iscustomizable>
  </botcomponent_botcomponent>
  <botcomponent_botcomponent botcomponentidone.schemaname="new_topic_5966ef6346134755b2ec100189077e8e" botcomponentidtwo.schemaname="msdyn_variable_182e127b57bc448a8171c7a2b69857d5_de479ff3f7e94527ba5731f4292c9fd5">
    <iscustomizable>1</iscustomizable>
  </botcomponent_botcomponent>
  <botcomponent_botcomponent botcomponentidone.schemaname="new_topic_70947611af5849db93b386f64f794116" botcomponentidtwo.schemaname="new_topic_f3fc55d696b54f7999951e3fb99b4e11">
    <iscustomizable>1</iscustomizable>
  </botcomponent_botcomponent>
  <botcomponent_botcomponent botcomponentidone.schemaname="new_topic_b6ff7246b8b648669e32e629d810a4d6" botcomponentidtwo.schemaname="new_variable_fca889f357714c909c23437c8f09ce61_c56affb8d2644678a61c6c4f45c3b9eb">
    <iscustomizable>1</iscustomizable>
  </botcomponent_botcomponent>
  <botcomponent_botcomponent botcomponentidone.schemaname="new_topic_c27ea7bf871c49e7ac67bb56080957b3" botcomponentidtwo.schemaname="new_topic_e0285b8e1e78438c92ebd49e3bbe0bc9">
    <iscustomizable>1</iscustomizable>
  </botcomponent_botcomponent>
  <botcomponent_botcomponent botcomponentidone.schemaname="new_topic_c27ea7bf871c49e7ac67bb56080957b3" botcomponentidtwo.schemaname="new_variable_fca889f357714c909c23437c8f09ce61_754b096828da42d6becc9acbb26514e9">
    <iscustomizable>1</iscustomizable>
  </botcomponent_botcomponent>
  <botcomponent_botcomponent botcomponentidone.schemaname="new_topic_c27ea7bf871c49e7ac67bb56080957b3" botcomponentidtwo.schemaname="new_variable_fca889f357714c909c23437c8f09ce61_982742a8fa5646a5908797067b85cf7e">
    <iscustomizable>1</iscustomizable>
  </botcomponent_botcomponent>
  <botcomponent_botcomponent botcomponentidone.schemaname="new_topic_e0285b8e1e78438c92ebd49e3bbe0bc9" botcomponentidtwo.schemaname="msdyn_variable_182e127b57bc448a8171c7a2b69857d5_de479ff3f7e94527ba5731f4292c9fd5">
    <iscustomizable>1</iscustomizable>
  </botcomponent_botcomponent>
  <botcomponent_botcomponent botcomponentidone.schemaname="new_topic_e0285b8e1e78438c92ebd49e3bbe0bc9" botcomponentidtwo.schemaname="new_topic_09918fe529c74259baefade303edb485">
    <iscustomizable>1</iscustomizable>
  </botcomponent_botcomponent>
  <botcomponent_botcomponent botcomponentidone.schemaname="new_topic_e0285b8e1e78438c92ebd49e3bbe0bc9" botcomponentidtwo.schemaname="new_topic_4a67ca963e0747a4aa7118fcdc5bca4a">
    <iscustomizable>1</iscustomizable>
  </botcomponent_botcomponent>
  <botcomponent_botcomponent botcomponentidone.schemaname="new_topic_e0285b8e1e78438c92ebd49e3bbe0bc9" botcomponentidtwo.schemaname="new_topic_a0887b67d7334ab6a01102d7ec8458e7">
    <iscustomizable>1</iscustomizable>
  </botcomponent_botcomponent>
  <botcomponent_botcomponent botcomponentidone.schemaname="new_topic_e0285b8e1e78438c92ebd49e3bbe0bc9" botcomponentidtwo.schemaname="new_topic_f1c45d571a514ade9182f7d46aee5517">
    <iscustomizable>1</iscustomizable>
  </botcomponent_botcomponent>
  <botcomponent_botcomponent botcomponentidone.schemaname="new_topic_e0285b8e1e78438c92ebd49e3bbe0bc9" botcomponentidtwo.schemaname="new_topic_f32993ceb8254ee8b874a4267457445d">
    <iscustomizable>1</iscustomizable>
  </botcomponent_botcomponent>
  <botcomponent_botcomponent botcomponentidone.schemaname="new_topic_e0285b8e1e78438c92ebd49e3bbe0bc9" botcomponentidtwo.schemaname="new_topic_f3fc55d696b54f7999951e3fb99b4e11">
    <iscustomizable>1</iscustomizable>
  </botcomponent_botcomponent>
  <botcomponent_botcomponent botcomponentidone.schemaname="new_topic_f1c45d571a514ade9182f7d46aee5517" botcomponentidtwo.schemaname="msdyn_variable_182e127b57bc448a8171c7a2b69857d5_de479ff3f7e94527ba5731f4292c9fd5">
    <iscustomizable>1</iscustomizable>
  </botcomponent_botcomponent>
  <botcomponent_botcomponent botcomponentidone.schemaname="new_topic_f32993ceb8254ee8b874a4267457445d" botcomponentidtwo.schemaname="new_topic_c70b2e7e55144628ad43fce387cb9ede">
    <iscustomizable>1</iscustomizable>
  </botcomponent_botcomponent>
  <botcomponent_botcomponent botcomponentidone.schemaname="new_topic_f32993ceb8254ee8b874a4267457445d" botcomponentidtwo.schemaname="new_topic_e0285b8e1e78438c92ebd49e3bbe0bc9">
    <iscustomizable>1</iscustomizable>
  </botcomponent_botcomponent>
  <botcomponent_botcomponent botcomponentidone.schemaname="new_topic_f3fc55d696b54f7999951e3fb99b4e11" botcomponentidtwo.schemaname="new_topic_70947611af5849db93b386f64f794116">
    <iscustomizable>1</iscustomizable>
  </botcomponent_botcomponent>
  <botcomponent_botcomponent botcomponentidone.schemaname="new_topic_fca889f357714c909c23437c8f09ce61_21a34f1673a24096a99ba0effb63cc1d" botcomponentidtwo.schemaname="new_topic_fca889f357714c909c23437c8f09ce61_aeabea4d071f415c8c107e1cb7af5424_assumedsuccess">
    <iscustomizable>1</iscustomizable>
  </botcomponent_botcomponent>
  <botcomponent_botcomponent botcomponentidone.schemaname="new_topic_fca889f357714c909c23437c8f09ce61_33d5123770ba4daeafae51b361ddc80a" botcomponentidtwo.schemaname="new_topic_fca889f357714c909c23437c8f09ce61_aeabea4d071f415c8c107e1cb7af5424_assumedsuccess">
    <iscustomizable>1</iscustomizable>
  </botcomponent_botcomponent>
  <botcomponent_botcomponent botcomponentidone.schemaname="new_topic_fca889f357714c909c23437c8f09ce61_85df75ce08a44a9b82cc8f3fdb25f669" botcomponentidtwo.schemaname="new_customtype_fca889f357714c909c23437c8f09ce61_f86fcadfd497444e91ed11c12b059d10">
    <iscustomizable>1</iscustomizable>
  </botcomponent_botcomponent>
  <botcomponent_botcomponent botcomponentidone.schemaname="new_topic_fca889f357714c909c23437c8f09ce61_85df75ce08a44a9b82cc8f3fdb25f669" botcomponentidtwo.schemaname="new_topic_fca889f357714c909c23437c8f09ce61_aeabea4d071f415c8c107e1cb7af5424_assumedsuccess">
    <iscustomizable>1</iscustomizable>
  </botcomponent_botcomponent>
  <botcomponent_botcomponent botcomponentidone.schemaname="new_topic_fca889f357714c909c23437c8f09ce61_8a4964498f83424bb3a86295bf7d0952_startover" botcomponentidtwo.schemaname="new_topic_fca889f357714c909c23437c8f09ce61_ba7b967c97ba4c39bca58a8bb6a72d59_conversationstart">
    <iscustomizable>1</iscustomizable>
  </botcomponent_botcomponent>
  <botcomponent_botcomponent botcomponentidone.schemaname="new_topic_fca889f357714c909c23437c8f09ce61_aeabea4d071f415c8c107e1cb7af5424_assumedsuccess" botcomponentidtwo.schemaname="new_topic_fca889f357714c909c23437c8f09ce61_d2198a5ee41a48a5bf70ab8970145a9f_confirmedfailure">
    <iscustomizable>1</iscustomizable>
  </botcomponent_botcomponent>
  <botcomponent_botcomponent botcomponentidone.schemaname="new_topic_fca889f357714c909c23437c8f09ce61_aeabea4d071f415c8c107e1cb7af5424_assumedsuccess" botcomponentidtwo.schemaname="new_topic_fca889f357714c909c23437c8f09ce61_db1f76b081dc43389df9dd2df7518737_confirmedsuccess">
    <iscustomizable>1</iscustomizable>
  </botcomponent_botcomponent>
  <botcomponent_botcomponent botcomponentidone.schemaname="new_topic_fca889f357714c909c23437c8f09ce61_ba7b967c97ba4c39bca58a8bb6a72d59_conversationstart" botcomponentidtwo.schemaname="msdyn_variable_182e127b57bc448a8171c7a2b69857d5_546c29f482cb4fa99edaf113dd83d56e">
    <iscustomizable>1</iscustomizable>
  </botcomponent_botcomponent>
  <botcomponent_botcomponent botcomponentidone.schemaname="new_topic_fca889f357714c909c23437c8f09ce61_ba7b967c97ba4c39bca58a8bb6a72d59_conversationstart" botcomponentidtwo.schemaname="msdyn_variable_182e127b57bc448a8171c7a2b69857d5_de479ff3f7e94527ba5731f4292c9fd5">
    <iscustomizable>1</iscustomizable>
  </botcomponent_botcomponent>
  <botcomponent_botcomponent botcomponentidone.schemaname="new_topic_fca889f357714c909c23437c8f09ce61_ba7b967c97ba4c39bca58a8bb6a72d59_conversationstart" botcomponentidtwo.schemaname="new_topic_e0285b8e1e78438c92ebd49e3bbe0bc9">
    <iscustomizable>1</iscustomizable>
  </botcomponent_botcomponent>
  <botcomponent_botcomponent botcomponentidone.schemaname="new_topic_fca889f357714c909c23437c8f09ce61_ba7b967c97ba4c39bca58a8bb6a72d59_conversationstart" botcomponentidtwo.schemaname="new_variable_fca889f357714c909c23437c8f09ce61_c56affb8d2644678a61c6c4f45c3b9eb">
    <iscustomizable>1</iscustomizable>
  </botcomponent_botcomponent>
  <botcomponent_botcomponent botcomponentidone.schemaname="new_topic_fca889f357714c909c23437c8f09ce61_d2198a5ee41a48a5bf70ab8970145a9f_confirmedfailure" botcomponentidtwo.schemaname="new_topic_fca889f357714c909c23437c8f09ce61_954135cafcd647eaae5999ad91fc08cf_talktoagent">
    <iscustomizable>1</iscustomizable>
  </botcomponent_botcomponent>
  <botcomponent_botcomponent botcomponentidone.schemaname="new_topic_fca889f357714c909c23437c8f09ce61_db1f76b081dc43389df9dd2df7518737_confirmedsuccess" botcomponentidtwo.schemaname="new_customtype_fca889f357714c909c23437c8f09ce61_92610204747047ac8f788f7eecd91118">
    <iscustomizable>1</iscustomizable>
  </botcomponent_botcomponent>
  <botcomponent_botcomponent botcomponentidone.schemaname="new_topic_fca889f357714c909c23437c8f09ce61_db1f76b081dc43389df9dd2df7518737_confirmedsuccess" botcomponentidtwo.schemaname="new_topic_fca889f357714c909c23437c8f09ce61_f56d1a3e522740c78f9fac0939332dbd_goodbye">
    <iscustomizable>1</iscustomizable>
  </botcomponent_botcomponent>
  <botcomponent_botcomponent botcomponentidone.schemaname="new_topic_fca889f357714c909c23437c8f09ce61_dbafebd526364487911b63a2a774389f" botcomponentidtwo.schemaname="new_topic_fca889f357714c909c23437c8f09ce61_aeabea4d071f415c8c107e1cb7af5424_assumedsuccess">
    <iscustomizable>1</iscustomizable>
  </botcomponent_botcomponent>
</botcomponent_botcomponentset>