{
  "intents": [
    {
      "dialogId": "new_topic_c70b2e7e55144628ad43fce387cb9ede",
      "isTriggeringEnabled": true,
      "id": "new_topic_c70b2e7e55144628ad43fce387cb9ede",
      "displayName": "Finalizar Trilha",
      "createdTime": "2022-09-29T15:38:19.235189Z",
      "updatedTime": "2022-09-29T17:48:28.0363247Z",
      "createdUserId": "5a881907-c90f-474b-af45-e939cccca765",
      "updatedUserId": "5a881907-c90f-474b-af45-e939cccca765"
    }
  ],
  "dialogs": [
    {
      "rootNodeId": "4b84e070-8814-4122-be03-54bb8eb84d77",
      "messageNodes": [
        {
          "botMessageId": "cb343a4d-2084-4e1d-af2f-9a0728153b62",
          "nodeType": "BotMessageNode",
          "id": "38eecd35-cde5-4a74-9b6f-b53d62dd4613"
        },
        {
          "botMessageId": "9e235162-2bf2-4672-bc44-55fdf182b4c6",
          "nodeType": "BotMessageNode",
          "id": "4b84e070-8814-4122-be03-54bb8eb84d77",
          "defaultTargetNodeId": "38eecd35-cde5-4a74-9b6f-b53d62dd4613"
        }
      ],
      "id": "new_topic_c70b2e7e55144628ad43fce387cb9ede",
      "displayName": "Sem título",
      "createdTime": "2022-09-29T15:38:19.235189Z",
      "updatedTime": "2022-09-29T17:48:28.0363247Z",
      "createdUserId": "5a881907-c90f-474b-af45-e939cccca765",
      "updatedUserId": "5a881907-c90f-474b-af45-e939cccca765"
    }
  ],
  "botMessages": [
    {
      "channelContent": {
        "web": {
          "contentFormat": "Markdown",
          "content": "Como foi a sua experiência? Nos avalie clicando <a href=\"https://customervoice.microsoft.com/Pages/ResponsePage.aspx?id=dUi3ktSLOEyXqG50fjpsLMJMcbFEHxVFiH9sZJwn86xUOVdaQVVTRDEwOERBU0gyUlFDREo2U0VPQy4u\">aqui</a>"
        }
      },
      "id": "cb343a4d-2084-4e1d-af2f-9a0728153b62",
      "createdTime": "2022-09-29T15:37:26.262Z",
      "updatedTime": "2022-09-29T15:37:26.262Z"
    },
    {
      "channelContent": {
        "web": {
          "contentFormat": "Markdown",
          "content": "Obrigado por sua participação."
        }
      },
      "id": "9e235162-2bf2-4672-bc44-55fdf182b4c6",
      "createdTime": "2022-09-29T15:38:11.682Z",
      "updatedTime": "2022-09-29T15:38:11.682Z",
      "createdUserId": "user-0",
      "updatedUserId": "user-0"
    }
  ]
}